level,unit_id,unit_name,zone,terminal,ym,pilotage_moves,tug_jobs,water_supplied_mt,garbage_calls,inspections_done,findings_raised,findings_closed,detentions
port,INMUN,Mundra Port,,,2023-01,28,56,310,10,2,5,5,0
zone,BULKGEN,Dry Bulk & General,Dry Bulk & General,,2023-01,14,28,259,6,1,3,3,0
zone,CONTAINER,Container,Container,,2023-01,12,24,51,3,1,2,2,0
zone,LIQMAR,Liquid & Offshore,Liquid & Offshore,,2023-01,2,4,0,1,0,0,0,0
terminal,CT3,CT-3 (AICT),Container,CT3,2023-01,4,8,51,2,1,2,2,0
terminal,CT4,CT-4 (ACMT JV),Container,CT4,2023-01,8,16,0,1,0,0,0,0
terminal,LQB,Liquid Berths,Liquid & Offshore,LQB,2023-01,2,4,0,1,0,0,0,0
terminal,MPT,Multipurpose Terminal,Dry Bulk & General,MPT,2023-01,2,4,0,1,0,0,0,0
terminal,RRT,Ro-Ro Terminal,Dry Bulk & General,RRT,2023-01,6,12,102,2,0,0,0,0
terminal,WBC,West Basin Coal Terminal,Dry Bulk & General,WBC,2023-01,6,12,157,3,1,3,3,0
berth,CT3-1,CT3-1 — CT3 Berth 1,Container,CT3,2023-01,2,4,51,1,0,0,0,0
berth,CT3-2,CT3-2 — CT3 Berth 2,Container,CT3,2023-01,2,4,0,1,1,2,2,0
berth,CT4-1,CT4-1 — CT4 Berth 1,Container,CT4,2023-01,2,4,0,0,0,0,0,0
berth,CT4-2,CT4-2 — CT4 Berth 2,Container,CT4,2023-01,6,12,0,1,0,0,0,0
berth,LB-1,LB-1 — Liquid Berth 1,Liquid & Offshore,LQB,2023-01,2,4,0,1,0,0,0,0
berth,MP-1,MP-1 — Multipurpose Berth 1,Dry Bulk & General,MPT,2023-01,2,4,0,1,0,0,0,0
berth,RR-1,RR-1 — Ro-Ro Berth 1,Dry Bulk & General,RRT,2023-01,6,12,102,2,0,0,0,0
berth,WB-1,WB-1 — West Basin Coal Berth 1,Dry Bulk & General,WBC,2023-01,2,4,157,1,1,3,3,0
berth,WB-2,WB-2 — West Basin Coal Berth 2,Dry Bulk & General,WBC,2023-01,4,8,0,2,0,0,0,0
port,INMUN,Mundra Port,,,2023-02,30,60,587,9,2,1,1,0
zone,BULKGEN,Dry Bulk & General,Dry Bulk & General,,2023-02,8,16,321,3,0,0,0,0
zone,CONTAINER,Container,Container,,2023-02,14,28,266,3,0,0,0,0
zone,LIQMAR,Liquid & Offshore,Liquid & Offshore,,2023-02,8,16,0,3,2,1,1,0
terminal,CT3,CT-3 (AICT),Container,CT3,2023-02,6,12,49,1,0,0,0,0
terminal,CT4,CT-4 (ACMT JV),Container,CT4,2023-02,8,16,217,2,0,0,0,0
terminal,LQB,Liquid Berths,Liquid & Offshore,LQB,2023-02,4,8,0,1,1,1,1,0
terminal,MPT,Multipurpose Terminal,Dry Bulk & General,MPT,2023-02,6,12,321,2,0,0,0,0
terminal,SPM,Single Point Moorings,Liquid & Offshore,SPM,2023-02,4,8,0,2,1,0,0,0
terminal,WBC,West Basin Coal Terminal,Dry Bulk & General,WBC,2023-02,2,4,0,1,0,0,0,0
berth,CT3-1,CT3-1 — CT3 Berth 1,Container,CT3,2023-02,4,8,49,1,0,0,0,0
berth,CT3-2,CT3-2 — CT3 Berth 2,Container,CT3,2023-02,2,4,0,0,0,0,0,0
berth,CT4-1,CT4-1 — CT4 Berth 1,Container,CT4,2023-02,2,4,0,0,0,0,0,0
berth,CT4-2,CT4-2 — CT4 Berth 2,Container,CT4,2023-02,2,4,0,0,0,0,0,0
berth,CT4-3,CT4-3 — CT4 Berth 3,Container,CT4,2023-02,2,4,140,1,0,0,0,0
berth,CT4-4,CT4-4 — CT4 Berth 4,Container,CT4,2023-02,2,4,77,1,0,0,0,0
berth,LB-3,LB-3 — Liquid Berth 3,Liquid & Offshore,LQB,2023-02,4,8,0,1,1,1,1,0
berth,MP-1,MP-1 — Multipurpose Berth 1,Dry Bulk & General,MPT,2023-02,2,4,106,0,0,0,0,0
berth,MP-3,MP-3 — Multipurpose Berth 3,Dry Bulk & General,MPT,2023-02,4,8,215,2,0,0,0,0
berth,SPM-1,SPM-1 — Single Point Mooring 1 (crude),Liquid & Offshore,SPM,2023-02,4,8,0,2,1,0,0,0
berth,WB-1,WB-1 — West Basin Coal Berth 1,Dry Bulk & General,WBC,2023-02,2,4,0,1,0,0,0,0
port,INMUN,Mundra Port,,,2023-03,24,48,338,2,1,0,0,0
zone,BULKGEN,Dry Bulk & General,Dry Bulk & General,,2023-03,8,16,156,0,1,0,0,0
zone,CONTAINER,Container,Container,,2023-03,6,12,73,0,0,0,0,0
zone,LIQMAR,Liquid & Offshore,Liquid & Offshore,,2023-03,10,20,109,2,0,0,0,0
terminal,CT3,CT-3 (AICT),Container,CT3,2023-03,2,4,0,0,0,0,0,0
terminal,CT4,CT-4 (ACMT JV),Container,CT4,2023-03,4,8,73,0,0,0,0,0
terminal,LQB,Liquid Berths,Liquid & Offshore,LQB,2023-03,4,8,62,1,0,0,0,0
terminal,MPT,Multipurpose Terminal,Dry Bulk & General,MPT,2023-03,2,4,0,0,0,0,0,0
terminal,RRT,Ro-Ro Terminal,Dry Bulk & General,RRT,2023-03,2,4,0,0,0,0,0,0
terminal,SPM,Single Point Moorings,Liquid & Offshore,SPM,2023-03,6,12,47,1,0,0,0,0
terminal,WBC,West Basin Coal Terminal,Dry Bulk & General,WBC,2023-03,4,8,156,0,1,0,0,0
berth,CT3-2,CT3-2 — CT3 Berth 2,Container,CT3,2023-03,2,4,0,0,0,0,0,0
berth,CT4-1,CT4-1 — CT4 Berth 1,Container,CT4,2023-03,2,4,0,0,0,0,0,0
berth,CT4-3,CT4-3 — CT4 Berth 3,Container,CT4,2023-03,2,4,73,0,0,0,0,0
berth,LB-1,LB-1 — Liquid Berth 1,Liquid & Offshore,LQB,2023-03,4,8,62,1,0,0,0,0
berth,MP-2,MP-2 — Multipurpose Berth 2,Dry Bulk & General,MPT,2023-03,2,4,0,0,0,0,0,0
berth,RR-1,RR-1 — Ro-Ro Berth 1,Dry Bulk & General,RRT,2023-03,2,4,0,0,0,0,0,0
berth,SPM-1,SPM-1 — Single Point Mooring 1 (crude),Liquid & Offshore,SPM,2023-03,6,12,47,1,0,0,0,0
berth,WB-1,WB-1 — West Basin Coal Berth 1,Dry Bulk & General,WBC,2023-03,2,4,84,0,1,0,0,0
berth,WB-2,WB-2 — West Basin Coal Berth 2,Dry Bulk & General,WBC,2023-03,2,4,72,0,0,0,0,0
port,INMUN,Mundra Port,,,2023-04,40,80,549,9,3,7,6,0
zone,BULKGEN,Dry Bulk & General,Dry Bulk & General,,2023-04,22,44,447,3,2,5,4,0
zone,CONTAINER,Container,Container,,2023-04,12,24,102,4,0,0,0,0
zone,LIQMAR,Liquid & Offshore,Liquid & Offshore,,2023-04,6,12,0,2,1,2,2,0
terminal,CT3,CT-3 (AICT),Container,CT3,2023-04,4,8,102,0,0,0,0,0
terminal,CT4,CT-4 (ACMT JV),Container,CT4,2023-04,8,16,0,4,0,0,0,0
terminal,LQB,Liquid Berths,Liquid & Offshore,LQB,2023-04,4,8,0,1,0,0,0,0
terminal,MPT,Multipurpose Terminal,Dry Bulk & General,MPT,2023-04,16,32,353,1,2,5,4,0
terminal,RRT,Ro-Ro Terminal,Dry Bulk & General,RRT,2023-04,2,4,0,1,0,0,0,0
terminal,SPM,Single Point Moorings,Liquid & Offshore,SPM,2023-04,2,4,0,1,1,2,2,0
terminal,WBC,West Basin Coal Terminal,Dry Bulk & General,WBC,2023-04,4,8,94,1,0,0,0,0
berth,CT3-1,CT3-1 — CT3 Berth 1,Container,CT3,2023-04,2,4,102,0,0,0,0,0
berth,CT3-2,CT3-2 — CT3 Berth 2,Container,CT3,2023-04,2,4,0,0,0,0,0,0
berth,CT4-1,CT4-1 — CT4 Berth 1,Container,CT4,2023-04,2,4,0,1,0,0,0,0
berth,CT4-3,CT4-3 — CT4 Berth 3,Container,CT4,2023-04,4,8,0,2,0,0,0,0
berth,CT4-4,CT4-4 — CT4 Berth 4,Container,CT4,2023-04,2,4,0,1,0,0,0,0
berth,LB-1,LB-1 — Liquid Berth 1,Liquid & Offshore,LQB,2023-04,2,4,0,0,0,0,0,0
berth,LB-3,LB-3 — Liquid Berth 3,Liquid & Offshore,LQB,2023-04,2,4,0,1,0,0,0,0
berth,MP-2,MP-2 — Multipurpose Berth 2,Dry Bulk & General,MPT,2023-04,14,28,353,1,2,5,4,0
berth,MP-3,MP-3 — Multipurpose Berth 3,Dry Bulk & General,MPT,2023-04,2,4,0,0,0,0,0,0
berth,RR-1,RR-1 — Ro-Ro Berth 1,Dry Bulk & General,RRT,2023-04,2,4,0,1,0,0,0,0
berth,SPM-1,SPM-1 — Single Point Mooring 1 (crude),Liquid & Offshore,SPM,2023-04,2,4,0,1,1,2,2,0
berth,WB-1,WB-1 — West Basin Coal Berth 1,Dry Bulk & General,WBC,2023-04,2,4,0,1,0,0,0,0
berth,WB-2,WB-2 — West Basin Coal Berth 2,Dry Bulk & General,WBC,2023-04,2,4,94,0,0,0,0,0
port,INMUN,Mundra Port,,,2023-05,32,64,1041,8,1,0,0,0
zone,BULKGEN,Dry Bulk & General,Dry Bulk & General,,2023-05,22,44,559,8,1,0,0,0
zone,CONTAINER,Container,Container,,2023-05,8,16,351,0,0,0,0,0
zone,LIQMAR,Liquid & Offshore,Liquid & Offshore,,2023-05,2,4,131,0,0,0,0,0
terminal,CT4,CT-4 (ACMT JV),Container,CT4,2023-05,8,16,351,0,0,0,0,0
terminal,LQB,Liquid Berths,Liquid & Offshore,LQB,2023-05,2,4,131,0,0,0,0,0
terminal,MPT,Multipurpose Terminal,Dry Bulk & General,MPT,2023-05,8,16,257,2,1,0,0,0
terminal,RRT,Ro-Ro Terminal,Dry Bulk & General,RRT,2023-05,8,16,172,4,0,0,0,0
terminal,WBC,West Basin Coal Terminal,Dry Bulk & General,WBC,2023-05,6,12,130,2,0,0,0,0
berth,CT4-1,CT4-1 — CT4 Berth 1,Container,CT4,2023-05,2,4,128,0,0,0,0,0
berth,CT4-2,CT4-2 — CT4 Berth 2,Container,CT4,2023-05,4,8,154,0,0,0,0,0
berth,CT4-4,CT4-4 — CT4 Berth 4,Container,CT4,2023-05,2,4,69,0,0,0,0,0
berth,LB-3,LB-3 — Liquid Berth 3,Liquid & Offshore,LQB,2023-05,2,4,131,0,0,0,0,0
berth,MP-1,MP-1 — Multipurpose Berth 1,Dry Bulk & General,MPT,2023-05,6,12,151,1,1,0,0,0
berth,MP-3,MP-3 — Multipurpose Berth 3,Dry Bulk & General,MPT,2023-05,2,4,106,1,0,0,0,0
berth,RR-1,RR-1 — Ro-Ro Berth 1,Dry Bulk & General,RRT,2023-05,8,16,172,4,0,0,0,0
berth,WB-1,WB-1 — West Basin Coal Berth 1,Dry Bulk & General,WBC,2023-05,2,4,0,1,0,0,0,0
berth,WB-2,WB-2 — West Basin Coal Berth 2,Dry Bulk & General,WBC,2023-05,4,8,130,1,0,0,0,0
port,INMUN,Mundra Port,,,2023-06,38,76,936,11,3,3,3,0
zone,BULKGEN,Dry Bulk & General,Dry Bulk & General,,2023-06,14,28,281,4,0,0,0,0
zone,CONTAINER,Container,Container,,2023-06,16,32,563,4,0,0,0,0
zone,LIQMAR,Liquid & Offshore,Liquid & Offshore,,2023-06,8,16,92,3,3,3,3,0
terminal,CT3,CT-3 (AICT),Container,CT3,2023-06,4,8,136,0,0,0,0,0
terminal,CT4,CT-4 (ACMT JV),Container,CT4,2023-06,12,24,427,4,0,0,0,0
terminal,LQB,Liquid Berths,Liquid & Offshore,LQB,2023-06,6,12,92,2,2,0,0,0
terminal,MPT,Multipurpose Terminal,Dry Bulk & General,MPT,2023-06,6,12,0,0,0,0,0,0
terminal,RRT,Ro-Ro Terminal,Dry Bulk & General,RRT,2023-06,6,12,281,3,0,0,0,0
terminal,SPM,Single Point Moorings,Liquid & Offshore,SPM,2023-06,2,4,0,1,1,3,3,0
terminal,WBC,West Basin Coal Terminal,Dry Bulk & General,WBC,2023-06,2,4,0,1,0,0,0,0
berth,CT3-1,CT3-1 — CT3 Berth 1,Container,CT3,2023-06,2,4,136,0,0,0,0,0
berth,CT3-2,CT3-2 — CT3 Berth 2,Container,CT3,2023-06,2,4,0,0,0,0,0,0
berth,CT4-1,CT4-1 — CT4 Berth 1,Container,CT4,2023-06,4,8,148,1,0,0,0,0
berth,CT4-2,CT4-2 — CT4 Berth 2,Container,CT4,2023-06,4,8,160,2,0,0,0,0
berth,CT4-3,CT4-3 — CT4 Berth 3,Container,CT4,2023-06,2,4,0,0,0,0,0,0
berth,CT4-4,CT4-4 — CT4 Berth 4,Container,CT4,2023-06,2,4,119,1,0,0,0,0
berth,LB-2,LB-2 — Liquid Berth 2,Liquid & Offshore,LQB,2023-06,2,4,0,1,0,0,0,0
berth,LB-3,LB-3 — Liquid Berth 3,Liquid & Offshore,LQB,2023-06,4,8,92,1,2,0,0,0
berth,MP-1,MP-1 — Multipurpose Berth 1,Dry Bulk & General,MPT,2023-06,2,4,0,0,0,0,0,0
berth,MP-2,MP-2 — Multipurpose Berth 2,Dry Bulk & General,MPT,2023-06,4,8,0,0,0,0,0,0
berth,RR-1,RR-1 — Ro-Ro Berth 1,Dry Bulk & General,RRT,2023-06,6,12,281,3,0,0,0,0
berth,SPM-1,SPM-1 — Single Point Mooring 1 (crude),Liquid & Offshore,SPM,2023-06,2,4,0,1,1,3,3,0
berth,WB-2,WB-2 — West Basin Coal Berth 2,Dry Bulk & General,WBC,2023-06,2,4,0,1,0,0,0,0
port,INMUN,Mundra Port,,,2023-07,24,48,206,6,1,0,0,0
zone,BULKGEN,Dry Bulk & General,Dry Bulk & General,,2023-07,14,28,206,5,1,0,0,0
zone,CONTAINER,Container,Container,,2023-07,4,8,0,0,0,0,0,0
zone,LIQMAR,Liquid & Offshore,Liquid & Offshore,,2023-07,6,12,0,1,0,0,0,0
terminal,CT4,CT-4 (ACMT JV),Container,CT4,2023-07,4,8,0,0,0,0,0,0
terminal,LQB,Liquid Berths,Liquid & Offshore,LQB,2023-07,6,12,0,1,0,0,0,0
terminal,MPT,Multipurpose Terminal,Dry Bulk & General,MPT,2023-07,2,4,0,1,0,0,0,0
terminal,RRT,Ro-Ro Terminal,Dry Bulk & General,RRT,2023-07,4,8,149,2,1,0,0,0
terminal,WBC,West Basin Coal Terminal,Dry Bulk & General,WBC,2023-07,8,16,57,2,0,0,0,0
berth,CT4-3,CT4-3 — CT4 Berth 3,Container,CT4,2023-07,2,4,0,0,0,0,0,0
berth,CT4-4,CT4-4 — CT4 Berth 4,Container,CT4,2023-07,2,4,0,0,0,0,0,0
berth,LB-1,LB-1 — Liquid Berth 1,Liquid & Offshore,LQB,2023-07,4,8,0,0,0,0,0,0
berth,LB-3,LB-3 — Liquid Berth 3,Liquid & Offshore,LQB,2023-07,2,4,0,1,0,0,0,0
berth,MP-3,MP-3 — Multipurpose Berth 3,Dry Bulk & General,MPT,2023-07,2,4,0,1,0,0,0,0
berth,RR-1,RR-1 — Ro-Ro Berth 1,Dry Bulk & General,RRT,2023-07,4,8,149,2,1,0,0,0
berth,WB-2,WB-2 — West Basin Coal Berth 2,Dry Bulk & General,WBC,2023-07,8,16,57,2,0,0,0,0
port,INMUN,Mundra Port,,,2023-08,40,80,812,10,2,3,2,0
zone,BULKGEN,Dry Bulk & General,Dry Bulk & General,,2023-08,12,24,170,2,1,0,0,0
zone,CONTAINER,Container,Container,,2023-08,18,36,411,4,0,0,0,0
zone,LIQMAR,Liquid & Offshore,Liquid & Offshore,,2023-08,10,20,231,4,1,3,2,0
terminal,CT3,CT-3 (AICT),Container,CT3,2023-08,4,8,112,2,0,0,0,0
terminal,CT4,CT-4 (ACMT JV),Container,CT4,2023-08,14,28,299,2,0,0,0,0
terminal,LQB,Liquid Berths,Liquid & Offshore,LQB,2023-08,6,12,132,2,0,0,0,0
terminal,MPT,Multipurpose Terminal,Dry Bulk & General,MPT,2023-08,2,4,113,1,0,0,0,0
terminal,RRT,Ro-Ro Terminal,Dry Bulk & General,RRT,2023-08,4,8,57,1,1,0,0,0
terminal,SPM,Single Point Moorings,Liquid & Offshore,SPM,2023-08,4,8,99,2,1,3,2,0
terminal,WBC,West Basin Coal Terminal,Dry Bulk & General,WBC,2023-08,6,12,0,0,0,0,0,0
berth,CT3-1,CT3-1 — CT3 Berth 1,Container,CT3,2023-08,2,4,112,1,0,0,0,0
berth,CT3-2,CT3-2 — CT3 Berth 2,Container,CT3,2023-08,2,4,0,1,0,0,0,0
berth,CT4-1,CT4-1 — CT4 Berth 1,Container,CT4,2023-08,2,4,0,0,0,0,0,0
berth,CT4-2,CT4-2 — CT4 Berth 2,Container,CT4,2023-08,4,8,236,1,0,0,0,0
berth,CT4-3,CT4-3 — CT4 Berth 3,Container,CT4,2023-08,4,8,0,0,0,0,0,0
berth,CT4-4,CT4-4 — CT4 Berth 4,Container,CT4,2023-08,4,8,63,1,0,0,0,0
berth,LB-1,LB-1 — Liquid Berth 1,Liquid & Offshore,LQB,2023-08,2,4,47,0,0,0,0,0
berth,LB-2,LB-2 — Liquid Berth 2,Liquid & Offshore,LQB,2023-08,4,8,85,2,0,0,0,0
berth,MP-3,MP-3 — Multipurpose Berth 3,Dry Bulk & General,MPT,2023-08,2,4,113,1,0,0,0,0
berth,RR-1,RR-1 — Ro-Ro Berth 1,Dry Bulk & General,RRT,2023-08,4,8,57,1,1,0,0,0
berth,SPM-1,SPM-1 — Single Point Mooring 1 (crude),Liquid & Offshore,SPM,2023-08,4,8,99,2,1,3,2,0
berth,WB-1,WB-1 — West Basin Coal Berth 1,Dry Bulk & General,WBC,2023-08,4,8,0,0,0,0,0,0
berth,WB-2,WB-2 — West Basin Coal Berth 2,Dry Bulk & General,WBC,2023-08,2,4,0,0,0,0,0,0
port,INMUN,Mundra Port,,,2023-09,34,68,832,9,2,8,2,1
zone,BULKGEN,Dry Bulk & General,Dry Bulk & General,,2023-09,8,16,250,3,2,8,2,1
zone,CONTAINER,Container,Container,,2023-09,20,40,582,5,0,0,0,0
zone,LIQMAR,Liquid & Offshore,Liquid & Offshore,,2023-09,6,12,0,1,0,0,0,0
terminal,CT3,CT-3 (AICT),Container,CT3,2023-09,12,24,457,2,0,0,0,0
terminal,CT4,CT-4 (ACMT JV),Container,CT4,2023-09,8,16,125,3,0,0,0,0
terminal,LQB,Liquid Berths,Liquid & Offshore,LQB,2023-09,4,8,0,1,0,0,0,0
terminal,MPT,Multipurpose Terminal,Dry Bulk & General,MPT,2023-09,6,12,250,2,1,3,2,0
terminal,SPM,Single Point Moorings,Liquid & Offshore,SPM,2023-09,2,4,0,0,0,0,0,0
terminal,WBC,West Basin Coal Terminal,Dry Bulk & General,WBC,2023-09,2,4,0,1,1,5,0,1
berth,CT3-1,CT3-1 — CT3 Berth 1,Container,CT3,2023-09,2,4,124,0,0,0,0,0
berth,CT3-2,CT3-2 — CT3 Berth 2,Container,CT3,2023-09,10,20,333,2,0,0,0,0
berth,CT4-2,CT4-2 — CT4 Berth 2,Container,CT4,2023-09,2,4,0,1,0,0,0,0
berth,CT4-3,CT4-3 — CT4 Berth 3,Container,CT4,2023-09,4,8,0,2,0,0,0,0
berth,CT4-4,CT4-4 — CT4 Berth 4,Container,CT4,2023-09,2,4,125,0,0,0,0,0
berth,LB-1,LB-1 — Liquid Berth 1,Liquid & Offshore,LQB,2023-09,2,4,0,0,0,0,0,0
berth,LB-2,LB-2 — Liquid Berth 2,Liquid & Offshore,LQB,2023-09,2,4,0,1,0,0,0,0
berth,MP-1,MP-1 — Multipurpose Berth 1,Dry Bulk & General,MPT,2023-09,2,4,0,1,1,3,2,0
berth,MP-2,MP-2 — Multipurpose Berth 2,Dry Bulk & General,MPT,2023-09,4,8,250,1,0,0,0,0
berth,SPM-1,SPM-1 — Single Point Mooring 1 (crude),Liquid & Offshore,SPM,2023-09,2,4,0,0,0,0,0,0
berth,WB-1,WB-1 — West Basin Coal Berth 1,Dry Bulk & General,WBC,2023-09,2,4,0,1,1,5,0,1
port,INMUN,Mundra Port,,,2023-10,30,60,489,6,2,1,1,0
zone,BULKGEN,Dry Bulk & General,Dry Bulk & General,,2023-10,18,36,448,2,1,1,1,0
zone,CONTAINER,Container,Container,,2023-10,8,16,41,4,1,0,0,0
zone,LIQMAR,Liquid & Offshore,Liquid & Offshore,,2023-10,4,8,0,0,0,0,0,0
terminal,CT3,CT-3 (AICT),Container,CT3,2023-10,4,8,0,2,1,0,0,0
terminal,CT4,CT-4 (ACMT JV),Container,CT4,2023-10,4,8,41,2,0,0,0,0
terminal,MPT,Multipurpose Terminal,Dry Bulk & General,MPT,2023-10,10,20,355,1,1,1,1,0
terminal,RRT,Ro-Ro Terminal,Dry Bulk & General,RRT,2023-10,2,4,93,0,0,0,0,0
terminal,SPM,Single Point Moorings,Liquid & Offshore,SPM,2023-10,4,8,0,0,0,0,0,0
terminal,WBC,West Basin Coal Terminal,Dry Bulk & General,WBC,2023-10,6,12,0,1,0,0,0,0
berth,CT3-1,CT3-1 — CT3 Berth 1,Container,CT3,2023-10,2,4,0,1,0,0,0,0
berth,CT3-2,CT3-2 — CT3 Berth 2,Container,CT3,2023-10,2,4,0,1,1,0,0,0
berth,CT4-2,CT4-2 — CT4 Berth 2,Container,CT4,2023-10,2,4,0,1,0,0,0,0
berth,CT4-4,CT4-4 — CT4 Berth 4,Container,CT4,2023-10,2,4,41,1,0,0,0,0
berth,MP-1,MP-1 — Multipurpose Berth 1,Dry Bulk & General,MPT,2023-10,2,4,0,0,1,1,1,0
berth,MP-2,MP-2 — Multipurpose Berth 2,Dry Bulk & General,MPT,2023-10,8,16,355,1,0,0,0,0
berth,RR-1,RR-1 — Ro-Ro Berth 1,Dry Bulk & General,RRT,2023-10,2,4,93,0,0,0,0,0
berth,SPM-1,SPM-1 — Single Point Mooring 1 (crude),Liquid & Offshore,SPM,2023-10,4,8,0,0,0,0,0,0
berth,WB-1,WB-1 — West Basin Coal Berth 1,Dry Bulk & General,WBC,2023-10,4,8,0,0,0,0,0,0
berth,WB-2,WB-2 — West Basin Coal Berth 2,Dry Bulk & General,WBC,2023-10,2,4,0,1,0,0,0,0
port,INMUN,Mundra Port,,,2023-11,36,72,533,5,2,0,0,0
zone,BULKGEN,Dry Bulk & General,Dry Bulk & General,,2023-11,12,24,231,2,2,0,0,0
zone,CONTAINER,Container,Container,,2023-11,18,36,302,3,0,0,0,0
zone,LIQMAR,Liquid & Offshore,Liquid & Offshore,,2023-11,6,12,0,0,0,0,0,0
terminal,CT3,CT-3 (AICT),Container,CT3,2023-11,6,12,110,1,0,0,0,0
terminal,CT4,CT-4 (ACMT JV),Container,CT4,2023-11,12,24,192,2,0,0,0,0
terminal,MPT,Multipurpose Terminal,Dry Bulk & General,MPT,2023-11,8,16,231,1,0,0,0,0
terminal,RRT,Ro-Ro Terminal,Dry Bulk & General,RRT,2023-11,2,4,0,1,1,0,0,0
terminal,SPM,Single Point Moorings,Liquid & Offshore,SPM,2023-11,6,12,0,0,0,0,0,0
terminal,WBC,West Basin Coal Terminal,Dry Bulk & General,WBC,2023-11,2,4,0,0,1,0,0,0
berth,CT3-1,CT3-1 — CT3 Berth 1,Container,CT3,2023-11,4,8,110,0,0,0,0,0
berth,CT3-2,CT3-2 — CT3 Berth 2,Container,CT3,2023-11,2,4,0,1,0,0,0,0
berth,CT4-1,CT4-1 — CT4 Berth 1,Container,CT4,2023-11,4,8,42,1,0,0,0,0
berth,CT4-2,CT4-2 — CT4 Berth 2,Container,CT4,2023-11,2,4,0,0,0,0,0,0
berth,CT4-3,CT4-3 — CT4 Berth 3,Container,CT4,2023-11,4,8,150,0,0,0,0,0
berth,CT4-4,CT4-4 — CT4 Berth 4,Container,CT4,2023-11,2,4,0,1,0,0,0,0
berth,MP-1,MP-1 — Multipurpose Berth 1,Dry Bulk & General,MPT,2023-11,2,4,155,0,0,0,0,0
berth,MP-2,MP-2 — Multipurpose Berth 2,Dry Bulk & General,MPT,2023-11,2,4,0,0,0,0,0,0
berth,MP-3,MP-3 — Multipurpose Berth 3,Dry Bulk & General,MPT,2023-11,4,8,76,1,0,0,0,0
berth,RR-1,RR-1 — Ro-Ro Berth 1,Dry Bulk & General,RRT,2023-11,2,4,0,1,1,0,0,0
berth,SPM-1,SPM-1 — Single Point Mooring 1 (crude),Liquid & Offshore,SPM,2023-11,6,12,0,0,0,0,0,0
berth,WB-1,WB-1 — West Basin Coal Berth 1,Dry Bulk & General,WBC,2023-11,2,4,0,0,1,0,0,0
port,INMUN,Mundra Port,,,2023-12,40,80,715,7,4,2,2,0
zone,BULKGEN,Dry Bulk & General,Dry Bulk & General,,2023-12,14,28,203,2,1,0,0,0
zone,CONTAINER,Container,Container,,2023-12,14,28,286,2,2,2,2,0
zone,LIQMAR,Liquid & Offshore,Liquid & Offshore,,2023-12,12,24,226,3,1,0,0,0
terminal,CT3,CT-3 (AICT),Container,CT3,2023-12,4,8,51,0,0,0,0,0
terminal,CT4,CT-4 (ACMT JV),Container,CT4,2023-12,10,20,235,2,2,2,2,0
terminal,LQB,Liquid Berths,Liquid & Offshore,LQB,2023-12,8,16,125,2,1,0,0,0
terminal,MPT,Multipurpose Terminal,Dry Bulk & General,MPT,2023-12,6,12,0,1,1,0,0,0
terminal,SPM,Single Point Moorings,Liquid & Offshore,SPM,2023-12,4,8,101,1,0,0,0,0
terminal,WBC,West Basin Coal Terminal,Dry Bulk & General,WBC,2023-12,8,16,203,1,0,0,0,0
berth,CT3-2,CT3-2 — CT3 Berth 2,Container,CT3,2023-12,4,8,51,0,0,0,0,0
berth,CT4-1,CT4-1 — CT4 Berth 1,Container,CT4,2023-12,6,12,150,2,0,0,0,0
berth,CT4-3,CT4-3 — CT4 Berth 3,Container,CT4,2023-12,2,4,0,0,1,0,0,0
berth,CT4-4,CT4-4 — CT4 Berth 4,Container,CT4,2023-12,2,4,85,0,1,2,2,0
berth,LB-2,LB-2 — Liquid Berth 2,Liquid & Offshore,LQB,2023-12,8,16,125,2,1,0,0,0
berth,MP-1,MP-1 — Multipurpose Berth 1,Dry Bulk & General,MPT,2023-12,4,8,0,1,0,0,0,0
berth,MP-3,MP-3 — Multipurpose Berth 3,Dry Bulk & General,MPT,2023-12,2,4,0,0,1,0,0,0
berth,SPM-1,SPM-1 — Single Point Mooring 1 (crude),Liquid & Offshore,SPM,2023-12,4,8,101,1,0,0,0,0
berth,WB-2,WB-2 — West Basin Coal Berth 2,Dry Bulk & General,WBC,2023-12,8,16,203,1,0,0,0,0
port,INMUN,Mundra Port,,,2024-01,34,68,647,10,3,5,5,0
zone,BULKGEN,Dry Bulk & General,Dry Bulk & General,,2024-01,14,28,318,4,1,2,2,0
zone,CONTAINER,Container,Container,,2024-01,12,24,246,4,1,1,1,0
zone,LIQMAR,Liquid & Offshore,Liquid & Offshore,,2024-01,8,16,83,2,1,2,2,0
terminal,CT3,CT-3 (AICT),Container,CT3,2024-01,2,4,0,1,0,0,0,0
terminal,CT4,CT-4 (ACMT JV),Container,CT4,2024-01,10,20,246,3,1,1,1,0
terminal,LQB,Liquid Berths,Liquid & Offshore,LQB,2024-01,4,8,0,1,1,2,2,0
terminal,MPT,Multipurpose Terminal,Dry Bulk & General,MPT,2024-01,6,12,262,1,0,0,0,0
terminal,SPM,Single Point Moorings,Liquid & Offshore,SPM,2024-01,4,8,83,1,0,0,0,0
terminal,WBC,West Basin Coal Terminal,Dry Bulk & General,WBC,2024-01,8,16,56,3,1,2,2,0
berth,CT3-2,CT3-2 — CT3 Berth 2,Container,CT3,2024-01,2,4,0,1,0,0,0,0
berth,CT4-1,CT4-1 — CT4 Berth 1,Container,CT4,2024-01,2,4,62,1,1,1,1,0
berth,CT4-2,CT4-2 — CT4 Berth 2,Container,CT4,2024-01,6,12,184,2,0,0,0,0
berth,CT4-4,CT4-4 — CT4 Berth 4,Container,CT4,2024-01,2,4,0,0,0,0,0,0
berth,LB-1,LB-1 — Liquid Berth 1,Liquid & Offshore,LQB,2024-01,2,4,0,0,0,0,0,0
berth,LB-2,LB-2 — Liquid Berth 2,Liquid & Offshore,LQB,2024-01,2,4,0,1,1,2,2,0
berth,MP-2,MP-2 — Multipurpose Berth 2,Dry Bulk & General,MPT,2024-01,2,4,101,1,0,0,0,0
berth,MP-3,MP-3 — Multipurpose Berth 3,Dry Bulk & General,MPT,2024-01,4,8,161,0,0,0,0,0
berth,SPM-1,SPM-1 — Single Point Mooring 1 (crude),Liquid & Offshore,SPM,2024-01,4,8,83,1,0,0,0,0
berth,WB-2,WB-2 — West Basin Coal Berth 2,Dry Bulk & General,WBC,2024-01,8,16,56,3,1,2,2,0
port,INMUN,Mundra Port,,,2024-02,48,96,907,16,3,5,0,1
zone,BULKGEN,Dry Bulk & General,Dry Bulk & General,,2024-02,16,32,191,5,2,5,0,1
zone,CONTAINER,Container,Container,,2024-02,16,32,70,7,0,0,0,0
zone,LIQMAR,Liquid & Offshore,Liquid & Offshore,,2024-02,16,32,646,4,1,0,0,0
terminal,CT3,CT-3 (AICT),Container,CT3,2024-02,8,16,0,4,0,0,0,0
terminal,CT4,CT-4 (ACMT JV),Container,CT4,2024-02,8,16,70,3,0,0,0,0
terminal,LQB,Liquid Berths,Liquid & Offshore,LQB,2024-02,10,20,289,1,1,0,0,0
terminal,MPT,Multipurpose Terminal,Dry Bulk & General,MPT,2024-02,8,16,191,3,2,5,0,1
terminal,RRT,Ro-Ro Terminal,Dry Bulk & General,RRT,2024-02,2,4,0,1,0,0,0,0
terminal,SPM,Single Point Moorings,Liquid & Offshore,SPM,2024-02,6,12,357,3,0,0,0,0
terminal,WBC,West Basin Coal Terminal,Dry Bulk & General,WBC,2024-02,6,12,0,1,0,0,0,0
berth,CT3-1,CT3-1 — CT3 Berth 1,Container,CT3,2024-02,2,4,0,1,0,0,0,0
berth,CT3-2,CT3-2 — CT3 Berth 2,Container,CT3,2024-02,6,12,0,3,0,0,0,0
berth,CT4-1,CT4-1 — CT4 Berth 1,Container,CT4,2024-02,2,4,0,0,0,0,0,0
berth,CT4-2,CT4-2 — CT4 Berth 2,Container,CT4,2024-02,2,4,0,1,0,0,0,0
berth,CT4-3,CT4-3 — CT4 Berth 3,Container,CT4,2024-02,2,4,70,1,0,0,0,0
berth,CT4-4,CT4-4 — CT4 Berth 4,Container,CT4,2024-02,2,4,0,1,0,0,0,0
berth,LB-1,LB-1 — Liquid Berth 1,Liquid & Offshore,LQB,2024-02,4,8,41,0,0,0,0,0
berth,LB-2,LB-2 — Liquid Berth 2,Liquid & Offshore,LQB,2024-02,2,4,108,0,1,0,0,0
berth,LB-3,LB-3 — Liquid Berth 3,Liquid & Offshore,LQB,2024-02,4,8,140,1,0,0,0,0
berth,MP-1,MP-1 — Multipurpose Berth 1,Dry Bulk & General,MPT,2024-02,2,4,148,1,1,5,0,1
berth,MP-2,MP-2 — Multipurpose Berth 2,Dry Bulk & General,MPT,2024-02,2,4,43,0,1,0,0,0
berth,MP-3,MP-3 — Multipurpose Berth 3,Dry Bulk & General,MPT,2024-02,4,8,0,2,0,0,0,0
berth,RR-1,RR-1 — Ro-Ro Berth 1,Dry Bulk & General,RRT,2024-02,2,4,0,1,0,0,0,0
berth,SPM-1,SPM-1 — Single Point Mooring 1 (crude),Liquid & Offshore,SPM,2024-02,6,12,357,3,0,0,0,0
berth,WB-1,WB-1 — West Basin Coal Berth 1,Dry Bulk & General,WBC,2024-02,2,4,0,0,0,0,0,0
berth,WB-2,WB-2 — West Basin Coal Berth 2,Dry Bulk & General,WBC,2024-02,4,8,0,1,0,0,0,0
port,INMUN,Mundra Port,,,2024-03,34,68,1026,12,3,5,5,0
zone,BULKGEN,Dry Bulk & General,Dry Bulk & General,,2024-03,14,28,512,6,1,2,2,0
zone,CONTAINER,Container,Container,,2024-03,10,20,243,4,0,0,0,0
zone,LIQMAR,Liquid & Offshore,Liquid & Offshore,,2024-03,10,20,271,2,2,3,3,0
terminal,CT3,CT-3 (AICT),Container,CT3,2024-03,4,8,243,2,0,0,0,0
terminal,CT4,CT-4 (ACMT JV),Container,CT4,2024-03,6,12,0,2,0,0,0,0
terminal,LQB,Liquid Berths,Liquid & Offshore,LQB,2024-03,8,16,173,1,2,3,3,0
terminal,MPT,Multipurpose Terminal,Dry Bulk & General,MPT,2024-03,2,4,86,1,1,2,2,0
terminal,RRT,Ro-Ro Terminal,Dry Bulk & General,RRT,2024-03,6,12,248,3,0,0,0,0
terminal,SPM,Single Point Moorings,Liquid & Offshore,SPM,2024-03,2,4,98,1,0,0,0,0
terminal,WBC,West Basin Coal Terminal,Dry Bulk & General,WBC,2024-03,6,12,178,2,0,0,0,0
berth,CT3-1,CT3-1 — CT3 Berth 1,Container,CT3,2024-03,4,8,243,2,0,0,0,0
berth,CT4-1,CT4-1 — CT4 Berth 1,Container,CT4,2024-03,4,8,0,1,0,0,0,0
berth,CT4-2,CT4-2 — CT4 Berth 2,Container,CT4,2024-03,2,4,0,1,0,0,0,0
berth,LB-2,LB-2 — Liquid Berth 2,Liquid & Offshore,LQB,2024-03,4,8,114,1,1,3,3,0
berth,LB-3,LB-3 — Liquid Berth 3,Liquid & Offshore,LQB,2024-03,4,8,59,0,1,0,0,0
berth,MP-3,MP-3 — Multipurpose Berth 3,Dry Bulk & General,MPT,2024-03,2,4,86,1,1,2,2,0
berth,RR-1,RR-1 — Ro-Ro Berth 1,Dry Bulk & General,RRT,2024-03,6,12,248,3,0,0,0,0
berth,SPM-1,SPM-1 — Single Point Mooring 1 (crude),Liquid & Offshore,SPM,2024-03,2,4,98,1,0,0,0,0
berth,WB-1,WB-1 — West Basin Coal Berth 1,Dry Bulk & General,WBC,2024-03,4,8,112,1,0,0,0,0
berth,WB-2,WB-2 — West Basin Coal Berth 2,Dry Bulk & General,WBC,2024-03,2,4,66,1,0,0,0,0
port,INMUN,Mundra Port,,,2024-04,42,84,846,8,3,1,1,0
zone,BULKGEN,Dry Bulk & General,Dry Bulk & General,,2024-04,14,28,119,2,2,1,1,0
zone,CONTAINER,Container,Container,,2024-04,16,32,408,3,1,0,0,0
zone,LIQMAR,Liquid & Offshore,Liquid & Offshore,,2024-04,12,24,319,3,0,0,0,0
terminal,CT3,CT-3 (AICT),Container,CT3,2024-04,4,8,150,1,0,0,0,0
terminal,CT4,CT-4 (ACMT JV),Container,CT4,2024-04,12,24,258,2,1,0,0,0
terminal,LQB,Liquid Berths,Liquid & Offshore,LQB,2024-04,2,4,82,0,0,0,0,0
terminal,MPT,Multipurpose Terminal,Dry Bulk & General,MPT,2024-04,2,4,0,0,0,0,0,0
terminal,RRT,Ro-Ro Terminal,Dry Bulk & General,RRT,2024-04,4,8,0,0,2,1,1,0
terminal,SPM,Single Point Moorings,Liquid & Offshore,SPM,2024-04,10,20,237,3,0,0,0,0
terminal,WBC,West Basin Coal Terminal,Dry Bulk & General,WBC,2024-04,8,16,119,2,0,0,0,0
berth,CT3-1,CT3-1 — CT3 Berth 1,Container,CT3,2024-04,2,4,150,0,0,0,0,0
berth,CT3-2,CT3-2 — CT3 Berth 2,Container,CT3,2024-04,2,4,0,1,0,0,0,0
berth,CT4-1,CT4-1 — CT4 Berth 1,Container,CT4,2024-04,6,12,131,2,0,0,0,0
berth,CT4-2,CT4-2 — CT4 Berth 2,Container,CT4,2024-04,2,4,68,0,0,0,0,0
berth,CT4-3,CT4-3 — CT4 Berth 3,Container,CT4,2024-04,2,4,0,0,0,0,0,0
berth,CT4-4,CT4-4 — CT4 Berth 4,Container,CT4,2024-04,2,4,59,0,1,0,0,0
berth,LB-1,LB-1 — Liquid Berth 1,Liquid & Offshore,LQB,2024-04,2,4,82,0,0,0,0,0
berth,MP-3,MP-3 — Multipurpose Berth 3,Dry Bulk & General,MPT,2024-04,2,4,0,0,0,0,0,0
berth,RR-1,RR-1 — Ro-Ro Berth 1,Dry Bulk & General,RRT,2024-04,4,8,0,0,2,1,1,0
berth,SPM-1,SPM-1 — Single Point Mooring 1 (crude),Liquid & Offshore,SPM,2024-04,10,20,237,3,0,0,0,0
berth,WB-1,WB-1 — West Basin Coal Berth 1,Dry Bulk & General,WBC,2024-04,6,12,119,1,0,0,0,0
berth,WB-2,WB-2 — West Basin Coal Berth 2,Dry Bulk & General,WBC,2024-04,2,4,0,1,0,0,0,0
port,INMUN,Mundra Port,,,2024-05,46,92,942,11,3,1,1,0
zone,BULKGEN,Dry Bulk & General,Dry Bulk & General,,2024-05,26,52,613,7,3,1,1,0
zone,CONTAINER,Container,Container,,2024-05,20,40,329,4,0,0,0,0
terminal,CT3,CT-3 (AICT),Container,CT3,2024-05,6,12,138,2,0,0,0,0
terminal,CT4,CT-4 (ACMT JV),Container,CT4,2024-05,14,28,191,2,0,0,0,0
terminal,MPT,Multipurpose Terminal,Dry Bulk & General,MPT,2024-05,16,32,376,5,2,1,1,0
terminal,RRT,Ro-Ro Terminal,Dry Bulk & General,RRT,2024-05,8,16,91,1,0,0,0,0
terminal,WBC,West Basin Coal Terminal,Dry Bulk & General,WBC,2024-05,2,4,146,1,1,0,0,0
berth,CT3-2,CT3-2 — CT3 Berth 2,Container,CT3,2024-05,6,12,138,2,0,0,0,0
berth,CT4-1,CT4-1 — CT4 Berth 1,Container,CT4,2024-05,4,8,191,1,0,0,0,0
berth,CT4-2,CT4-2 — CT4 Berth 2,Container,CT4,2024-05,4,8,0,1,0,0,0,0
berth,CT4-3,CT4-3 — CT4 Berth 3,Container,CT4,2024-05,2,4,0,0,0,0,0,0
berth,CT4-4,CT4-4 — CT4 Berth 4,Container,CT4,2024-05,4,8,0,0,0,0,0,0
berth,MP-1,MP-1 — Multipurpose Berth 1,Dry Bulk & General,MPT,2024-05,8,16,193,3,2,1,1,0
berth,MP-2,MP-2 — Multipurpose Berth 2,Dry Bulk & General,MPT,2024-05,6,12,119,2,0,0,0,0
berth,MP-3,MP-3 — Multipurpose Berth 3,Dry Bulk & General,MPT,2024-05,2,4,64,0,0,0,0,0
berth,RR-1,RR-1 — Ro-Ro Berth 1,Dry Bulk & General,RRT,2024-05,8,16,91,1,0,0,0,0
berth,WB-2,WB-2 — West Basin Coal Berth 2,Dry Bulk & General,WBC,2024-05,2,4,146,1,1,0,0,0
port,INMUN,Mundra Port,,,2024-06,42,84,654,12,3,6,4,0
zone,BULKGEN,Dry Bulk & General,Dry Bulk & General,,2024-06,16,32,76,5,0,0,0,0
zone,CONTAINER,Container,Container,,2024-06,18,36,480,4,2,5,3,0
zone,LIQMAR,Liquid & Offshore,Liquid & Offshore,,2024-06,8,16,98,3,1,1,1,0
terminal,CT3,CT-3 (AICT),Container,CT3,2024-06,6,12,106,2,0,0,0,0
terminal,CT4,CT-4 (ACMT JV),Container,CT4,2024-06,12,24,374,2,2,5,3,0
terminal,LQB,Liquid Berths,Liquid & Offshore,LQB,2024-06,4,8,98,2,0,0,0,0
terminal,MPT,Multipurpose Terminal,Dry Bulk & General,MPT,2024-06,8,16,0,3,0,0,0,0
terminal,RRT,Ro-Ro Terminal,Dry Bulk & General,RRT,2024-06,4,8,0,1,0,0,0,0
terminal,SPM,Single Point Moorings,Liquid & Offshore,SPM,2024-06,4,8,0,1,1,1,1,0
terminal,WBC,West Basin Coal Terminal,Dry Bulk & General,WBC,2024-06,4,8,76,1,0,0,0,0
berth,CT3-1,CT3-1 — CT3 Berth 1,Container,CT3,2024-06,2,4,0,0,0,0,0,0
berth,CT3-2,CT3-2 — CT3 Berth 2,Container,CT3,2024-06,4,8,106,2,0,0,0,0
berth,CT4-1,CT4-1 — CT4 Berth 1,Container,CT4,2024-06,2,4,0,1,1,2,1,0
berth,CT4-2,CT4-2 — CT4 Berth 2,Container,CT4,2024-06,2,4,125,0,0,0,0,0
berth,CT4-3,CT4-3 — CT4 Berth 3,Container,CT4,2024-06,4,8,249,0,1,3,2,0
berth,CT4-4,CT4-4 — CT4 Berth 4,Container,CT4,2024-06,4,8,0,1,0,0,0,0
berth,LB-2,LB-2 — Liquid Berth 2,Liquid & Offshore,LQB,2024-06,4,8,98,2,0,0,0,0
berth,MP-2,MP-2 — Multipurpose Berth 2,Dry Bulk & General,MPT,2024-06,2,4,0,1,0,0,0,0
berth,MP-3,MP-3 — Multipurpose Berth 3,Dry Bulk & General,MPT,2024-06,6,12,0,2,0,0,0,0
berth,RR-1,RR-1 — Ro-Ro Berth 1,Dry Bulk & General,RRT,2024-06,4,8,0,1,0,0,0,0
berth,SPM-1,SPM-1 — Single Point Mooring 1 (crude),Liquid & Offshore,SPM,2024-06,4,8,0,1,1,1,1,0
berth,WB-1,WB-1 — West Basin Coal Berth 1,Dry Bulk & General,WBC,2024-06,4,8,76,1,0,0,0,0
port,INMUN,Mundra Port,,,2024-07,28,56,582,4,3,5,2,1
zone,BULKGEN,Dry Bulk & General,Dry Bulk & General,,2024-07,16,32,582,2,1,0,0,0
zone,CONTAINER,Container,Container,,2024-07,8,16,0,1,1,3,0,1
zone,LIQMAR,Liquid & Offshore,Liquid & Offshore,,2024-07,4,8,0,1,1,2,2,0
terminal,CT3,CT-3 (AICT),Container,CT3,2024-07,2,4,0,0,0,0,0,0
terminal,CT4,CT-4 (ACMT JV),Container,CT4,2024-07,6,12,0,1,1,3,0,1
terminal,MPT,Multipurpose Terminal,Dry Bulk & General,MPT,2024-07,6,12,208,0,0,0,0,0
terminal,RRT,Ro-Ro Terminal,Dry Bulk & General,RRT,2024-07,2,4,0,1,0,0,0,0
terminal,SPM,Single Point Moorings,Liquid & Offshore,SPM,2024-07,4,8,0,1,1,2,2,0
terminal,WBC,West Basin Coal Terminal,Dry Bulk & General,WBC,2024-07,8,16,374,1,1,0,0,0
berth,CT3-2,CT3-2 — CT3 Berth 2,Container,CT3,2024-07,2,4,0,0,0,0,0,0
berth,CT4-1,CT4-1 — CT4 Berth 1,Container,CT4,2024-07,2,4,0,0,1,3,0,1
berth,CT4-2,CT4-2 — CT4 Berth 2,Container,CT4,2024-07,2,4,0,0,0,0,0,0
berth,CT4-4,CT4-4 — CT4 Berth 4,Container,CT4,2024-07,2,4,0,1,0,0,0,0
berth,MP-3,MP-3 — Multipurpose Berth 3,Dry Bulk & General,MPT,2024-07,6,12,208,0,0,0,0,0
berth,RR-1,RR-1 — Ro-Ro Berth 1,Dry Bulk & General,RRT,2024-07,2,4,0,1,0,0,0,0
berth,SPM-1,SPM-1 — Single Point Mooring 1 (crude),Liquid & Offshore,SPM,2024-07,4,8,0,1,1,2,2,0
berth,WB-1,WB-1 — West Basin Coal Berth 1,Dry Bulk & General,WBC,2024-07,6,12,241,1,1,0,0,0
berth,WB-2,WB-2 — West Basin Coal Berth 2,Dry Bulk & General,WBC,2024-07,2,4,133,0,0,0,0,0
port,INMUN,Mundra Port,,,2024-08,40,80,762,10,4,7,6,0
zone,BULKGEN,Dry Bulk & General,Dry Bulk & General,,2024-08,18,36,461,4,1,1,1,0
zone,CONTAINER,Container,Container,,2024-08,8,16,155,3,1,3,3,0
zone,LIQMAR,Liquid & Offshore,Liquid & Offshore,,2024-08,14,28,146,3,2,3,2,0
terminal,CT3,CT-3 (AICT),Container,CT3,2024-08,2,4,155,0,0,0,0,0
terminal,CT4,CT-4 (ACMT JV),Container,CT4,2024-08,6,12,0,3,1,3,3,0
terminal,LQB,Liquid Berths,Liquid & Offshore,LQB,2024-08,4,8,0,1,1,1,0,0
terminal,MPT,Multipurpose Terminal,Dry Bulk & General,MPT,2024-08,10,20,287,3,1,1,1,0
terminal,RRT,Ro-Ro Terminal,Dry Bulk & General,RRT,2024-08,4,8,174,1,0,0,0,0
terminal,SPM,Single Point Moorings,Liquid & Offshore,SPM,2024-08,10,20,146,2,1,2,2,0
terminal,WBC,West Basin Coal Terminal,Dry Bulk & General,WBC,2024-08,4,8,0,0,0,0,0,0
berth,CT3-1,CT3-1 — CT3 Berth 1,Container,CT3,2024-08,2,4,155,0,0,0,0,0
berth,CT4-1,CT4-1 — CT4 Berth 1,Container,CT4,2024-08,4,8,0,2,1,3,3,0
berth,CT4-3,CT4-3 — CT4 Berth 3,Container,CT4,2024-08,2,4,0,1,0,0,0,0
berth,LB-2,LB-2 — Liquid Berth 2,Liquid & Offshore,LQB,2024-08,2,4,0,0,0,0,0,0
berth,LB-3,LB-3 — Liquid Berth 3,Liquid & Offshore,LQB,2024-08,2,4,0,1,1,1,0,0
berth,MP-1,MP-1 — Multipurpose Berth 1,Dry Bulk & General,MPT,2024-08,4,8,64,1,0,0,0,0
berth,MP-2,MP-2 — Multipurpose Berth 2,Dry Bulk & General,MPT,2024-08,6,12,223,2,1,1,1,0
berth,RR-1,RR-1 — Ro-Ro Berth 1,Dry Bulk & General,RRT,2024-08,4,8,174,1,0,0,0,0
berth,SPM-1,SPM-1 — Single Point Mooring 1 (crude),Liquid & Offshore,SPM,2024-08,10,20,146,2,1,2,2,0
berth,WB-1,WB-1 — West Basin Coal Berth 1,Dry Bulk & General,WBC,2024-08,2,4,0,0,0,0,0,0
berth,WB-2,WB-2 — West Basin Coal Berth 2,Dry Bulk & General,WBC,2024-08,2,4,0,0,0,0,0,0
port,INMUN,Mundra Port,,,2024-09,36,72,802,5,3,5,4,0
zone,BULKGEN,Dry Bulk & General,Dry Bulk & General,,2024-09,16,32,126,1,3,5,4,0
zone,CONTAINER,Container,Container,,2024-09,12,24,361,4,0,0,0,0
zone,LIQMAR,Liquid & Offshore,Liquid & Offshore,,2024-09,8,16,315,0,0,0,0,0
terminal,CT3,CT-3 (AICT),Container,CT3,2024-09,4,8,147,1,0,0,0,0
terminal,CT4,CT-4 (ACMT JV),Container,CT4,2024-09,8,16,214,3,0,0,0,0
terminal,LQB,Liquid Berths,Liquid & Offshore,LQB,2024-09,4,8,184,0,0,0,0,0
terminal,MPT,Multipurpose Terminal,Dry Bulk & General,MPT,2024-09,6,12,126,0,0,0,0,0
terminal,RRT,Ro-Ro Terminal,Dry Bulk & General,RRT,2024-09,2,4,0,1,0,0,0,0
terminal,SPM,Single Point Moorings,Liquid & Offshore,SPM,2024-09,4,8,131,0,0,0,0,0
terminal,WBC,West Basin Coal Terminal,Dry Bulk & General,WBC,2024-09,8,16,0,0,3,5,4,0
berth,CT3-1,CT3-1 — CT3 Berth 1,Container,CT3,2024-09,4,8,147,1,0,0,0,0
berth,CT4-1,CT4-1 — CT4 Berth 1,Container,CT4,2024-09,2,4,0,1,0,0,0,0
berth,CT4-3,CT4-3 — CT4 Berth 3,Container,CT4,2024-09,2,4,86,1,0,0,0,0
berth,CT4-4,CT4-4 — CT4 Berth 4,Container,CT4,2024-09,4,8,128,1,0,0,0,0
berth,LB-1,LB-1 — Liquid Berth 1,Liquid & Offshore,LQB,2024-09,2,4,68,0,0,0,0,0
berth,LB-3,LB-3 — Liquid Berth 3,Liquid & Offshore,LQB,2024-09,2,4,116,0,0,0,0,0
berth,MP-1,MP-1 — Multipurpose Berth 1,Dry Bulk & General,MPT,2024-09,4,8,126,0,0,0,0,0
berth,MP-2,MP-2 — Multipurpose Berth 2,Dry Bulk & General,MPT,2024-09,2,4,0,0,0,0,0,0
berth,RR-1,RR-1 — Ro-Ro Berth 1,Dry Bulk & General,RRT,2024-09,2,4,0,1,0,0,0,0
berth,SPM-1,SPM-1 — Single Point Mooring 1 (crude),Liquid & Offshore,SPM,2024-09,4,8,131,0,0,0,0,0
berth,WB-1,WB-1 — West Basin Coal Berth 1,Dry Bulk & General,WBC,2024-09,6,12,0,0,3,5,4,0
berth,WB-2,WB-2 — West Basin Coal Berth 2,Dry Bulk & General,WBC,2024-09,2,4,0,0,0,0,0,0
port,INMUN,Mundra Port,,,2024-10,40,80,906,12,3,2,1,0
zone,BULKGEN,Dry Bulk & General,Dry Bulk & General,,2024-10,6,12,142,2,1,0,0,0
zone,CONTAINER,Container,Container,,2024-10,24,48,647,8,1,0,0,0
zone,LIQMAR,Liquid & Offshore,Liquid & Offshore,,2024-10,10,20,117,2,1,2,1,0
terminal,CT3,CT-3 (AICT),Container,CT3,2024-10,4,8,96,2,0,0,0,0
terminal,CT4,CT-4 (ACMT JV),Container,CT4,2024-10,20,40,551,6,1,0,0,0
terminal,LQB,Liquid Berths,Liquid & Offshore,LQB,2024-10,2,4,117,1,0,0,0,0
terminal,MPT,Multipurpose Terminal,Dry Bulk & General,MPT,2024-10,4,8,142,1,1,0,0,0
terminal,RRT,Ro-Ro Terminal,Dry Bulk & General,RRT,2024-10,2,4,0,1,0,0,0,0
terminal,SPM,Single Point Moorings,Liquid & Offshore,SPM,2024-10,8,16,0,1,1,2,1,0
berth,CT3-1,CT3-1 — CT3 Berth 1,Container,CT3,2024-10,4,8,96,2,0,0,0,0
berth,CT4-1,CT4-1 — CT4 Berth 1,Container,CT4,2024-10,8,16,155,2,0,0,0,0
berth,CT4-2,CT4-2 — CT4 Berth 2,Container,CT4,2024-10,4,8,129,1,1,0,0,0
berth,CT4-3,CT4-3 — CT4 Berth 3,Container,CT4,2024-10,6,12,148,2,0,0,0,0
berth,CT4-4,CT4-4 — CT4 Berth 4,Container,CT4,2024-10,2,4,119,1,0,0,0,0
berth,LB-3,LB-3 — Liquid Berth 3,Liquid & Offshore,LQB,2024-10,2,4,117,1,0,0,0,0
berth,MP-2,MP-2 — Multipurpose Berth 2,Dry Bulk & General,MPT,2024-10,2,4,142,0,0,0,0,0
berth,MP-3,MP-3 — Multipurpose Berth 3,Dry Bulk & General,MPT,2024-10,2,4,0,1,1,0,0,0
berth,RR-1,RR-1 — Ro-Ro Berth 1,Dry Bulk & General,RRT,2024-10,2,4,0,1,0,0,0,0
berth,SPM-1,SPM-1 — Single Point Mooring 1 (crude),Liquid & Offshore,SPM,2024-10,8,16,0,1,1,2,1,0
port,INMUN,Mundra Port,,,2024-11,36,72,748,8,3,0,0,0
zone,BULKGEN,Dry Bulk & General,Dry Bulk & General,,2024-11,22,44,501,4,2,0,0,0
zone,CONTAINER,Container,Container,,2024-11,10,20,247,3,0,0,0,0
zone,LIQMAR,Liquid & Offshore,Liquid & Offshore,,2024-11,4,8,0,1,1,0,0,0
terminal,CT3,CT-3 (AICT),Container,CT3,2024-11,2,4,72,1,0,0,0,0
terminal,CT4,CT-4 (ACMT JV),Container,CT4,2024-11,8,16,175,2,0,0,0,0
terminal,LQB,Liquid Berths,Liquid & Offshore,LQB,2024-11,2,4,0,0,1,0,0,0
terminal,MPT,Multipurpose Terminal,Dry Bulk & General,MPT,2024-11,12,24,101,1,1,0,0,0
terminal,RRT,Ro-Ro Terminal,Dry Bulk & General,RRT,2024-11,8,16,271,2,0,0,0,0
terminal,SPM,Single Point Moorings,Liquid & Offshore,SPM,2024-11,2,4,0,1,0,0,0,0
terminal,WBC,West Basin Coal Terminal,Dry Bulk & General,WBC,2024-11,2,4,129,1,1,0,0,0
berth,CT3-1,CT3-1 — CT3 Berth 1,Container,CT3,2024-11,2,4,72,1,0,0,0,0
berth,CT4-1,CT4-1 — CT4 Berth 1,Container,CT4,2024-11,2,4,0,1,0,0,0,0
berth,CT4-2,CT4-2 — CT4 Berth 2,Container,CT4,2024-11,4,8,112,0,0,0,0,0
berth,CT4-3,CT4-3 — CT4 Berth 3,Container,CT4,2024-11,2,4,63,1,0,0,0,0
berth,LB-1,LB-1 — Liquid Berth 1,Liquid & Offshore,LQB,2024-11,2,4,0,0,1,0,0,0
berth,MP-1,MP-1 — Multipurpose Berth 1,Dry Bulk & General,MPT,2024-11,2,4,0,0,1,0,0,0
berth,MP-3,MP-3 — Multipurpose Berth 3,Dry Bulk & General,MPT,2024-11,10,20,101,1,0,0,0,0
berth,RR-1,RR-1 — Ro-Ro Berth 1,Dry Bulk & General,RRT,2024-11,8,16,271,2,0,0,0,0
berth,SPM-1,SPM-1 — Single Point Mooring 1 (crude),Liquid & Offshore,SPM,2024-11,2,4,0,1,0,0,0,0
berth,WB-2,WB-2 — West Basin Coal Berth 2,Dry Bulk & General,WBC,2024-11,2,4,129,1,1,0,0,0
port,INMUN,Mundra Port,,,2024-12,30,60,441,9,2,3,0,1
zone,BULKGEN,Dry Bulk & General,Dry Bulk & General,,2024-12,12,24,184,3,2,3,0,1
zone,CONTAINER,Container,Container,,2024-12,14,28,257,4,0,0,0,0
zone,LIQMAR,Liquid & Offshore,Liquid & Offshore,,2024-12,4,8,0,2,0,0,0,0
terminal,CT3,CT-3 (AICT),Container,CT3,2024-12,4,8,64,1,0,0,0,0
terminal,CT4,CT-4 (ACMT JV),Container,CT4,2024-12,10,20,193,3,0,0,0,0
terminal,LQB,Liquid Berths,Liquid & Offshore,LQB,2024-12,2,4,0,1,0,0,0,0
terminal,MPT,Multipurpose Terminal,Dry Bulk & General,MPT,2024-12,6,12,77,0,0,0,0,0
terminal,RRT,Ro-Ro Terminal,Dry Bulk & General,RRT,2024-12,6,12,107,3,2,3,0,1
terminal,SPM,Single Point Moorings,Liquid & Offshore,SPM,2024-12,2,4,0,1,0,0,0,0
berth,CT3-2,CT3-2 — CT3 Berth 2,Container,CT3,2024-12,4,8,64,1,0,0,0,0
berth,CT4-2,CT4-2 — CT4 Berth 2,Container,CT4,2024-12,4,8,0,2,0,0,0,0
berth,CT4-3,CT4-3 — CT4 Berth 3,Container,CT4,2024-12,2,4,106,1,0,0,0,0
berth,CT4-4,CT4-4 — CT4 Berth 4,Container,CT4,2024-12,4,8,87,0,0,0,0,0
berth,LB-3,LB-3 — Liquid Berth 3,Liquid & Offshore,LQB,2024-12,2,4,0,1,0,0,0,0
berth,MP-1,MP-1 — Multipurpose Berth 1,Dry Bulk & General,MPT,2024-12,2,4,77,0,0,0,0,0
berth,MP-2,MP-2 — Multipurpose Berth 2,Dry Bulk & General,MPT,2024-12,2,4,0,0,0,0,0,0
berth,MP-3,MP-3 — Multipurpose Berth 3,Dry Bulk & General,MPT,2024-12,2,4,0,0,0,0,0,0
berth,RR-1,RR-1 — Ro-Ro Berth 1,Dry Bulk & General,RRT,2024-12,6,12,107,3,2,3,0,1
berth,SPM-1,SPM-1 — Single Point Mooring 1 (crude),Liquid & Offshore,SPM,2024-12,2,4,0,1,0,0,0,0
port,INMUN,Mundra Port,,,2025-01,40,80,540,12,2,0,0,0
zone,BULKGEN,Dry Bulk & General,Dry Bulk & General,,2025-01,16,32,199,5,2,0,0,0
zone,CONTAINER,Container,Container,,2025-01,12,24,134,3,0,0,0,0
zone,LIQMAR,Liquid & Offshore,Liquid & Offshore,,2025-01,12,24,207,4,0,0,0,0
terminal,CT3,CT-3 (AICT),Container,CT3,2025-01,6,12,87,2,0,0,0,0
terminal,CT4,CT-4 (ACMT JV),Container,CT4,2025-01,6,12,47,1,0,0,0,0
terminal,LQB,Liquid Berths,Liquid & Offshore,LQB,2025-01,6,12,66,3,0,0,0,0
terminal,MPT,Multipurpose Terminal,Dry Bulk & General,MPT,2025-01,6,12,0,3,0,0,0,0
terminal,RRT,Ro-Ro Terminal,Dry Bulk & General,RRT,2025-01,6,12,41,2,1,0,0,0
terminal,SPM,Single Point Moorings,Liquid & Offshore,SPM,2025-01,6,12,141,1,0,0,0,0
terminal,WBC,West Basin Coal Terminal,Dry Bulk & General,WBC,2025-01,4,8,158,0,1,0,0,0
berth,CT3-1,CT3-1 — CT3 Berth 1,Container,CT3,2025-01,4,8,87,1,0,0,0,0
berth,CT3-2,CT3-2 — CT3 Berth 2,Container,CT3,2025-01,2,4,0,1,0,0,0,0
berth,CT4-2,CT4-2 — CT4 Berth 2,Container,CT4,2025-01,4,8,47,1,0,0,0,0
berth,CT4-3,CT4-3 — CT4 Berth 3,Container,CT4,2025-01,2,4,0,0,0,0,0,0
berth,LB-1,LB-1 — Liquid Berth 1,Liquid & Offshore,LQB,2025-01,4,8,66,2,0,0,0,0
berth,LB-3,LB-3 — Liquid Berth 3,Liquid & Offshore,LQB,2025-01,2,4,0,1,0,0,0,0
berth,MP-3,MP-3 — Multipurpose Berth 3,Dry Bulk & General,MPT,2025-01,6,12,0,3,0,0,0,0
berth,RR-1,RR-1 — Ro-Ro Berth 1,Dry Bulk & General,RRT,2025-01,6,12,41,2,1,0,0,0
berth,SPM-1,SPM-1 — Single Point Mooring 1 (crude),Liquid & Offshore,SPM,2025-01,6,12,141,1,0,0,0,0
berth,WB-1,WB-1 — West Basin Coal Berth 1,Dry Bulk & General,WBC,2025-01,2,4,0,0,0,0,0,0
berth,WB-2,WB-2 — West Basin Coal Berth 2,Dry Bulk & General,WBC,2025-01,2,4,158,0,1,0,0,0
port,INMUN,Mundra Port,,,2025-02,44,88,1106,8,2,2,2,0
zone,BULKGEN,Dry Bulk & General,Dry Bulk & General,,2025-02,26,52,551,6,2,2,2,0
zone,CONTAINER,Container,Container,,2025-02,12,24,418,2,0,0,0,0
zone,LIQMAR,Liquid & Offshore,Liquid & Offshore,,2025-02,6,12,137,0,0,0,0,0
terminal,CT3,CT-3 (AICT),Container,CT3,2025-02,6,12,331,1,0,0,0,0
terminal,CT4,CT-4 (ACMT JV),Container,CT4,2025-02,6,12,87,1,0,0,0,0
terminal,LQB,Liquid Berths,Liquid & Offshore,LQB,2025-02,2,4,0,0,0,0,0,0
terminal,MPT,Multipurpose Terminal,Dry Bulk & General,MPT,2025-02,20,40,426,5,1,2,2,0
terminal,SPM,Single Point Moorings,Liquid & Offshore,SPM,2025-02,4,8,137,0,0,0,0,0
terminal,WBC,West Basin Coal Terminal,Dry Bulk & General,WBC,2025-02,6,12,125,1,1,0,0,0
berth,CT3-1,CT3-1 — CT3 Berth 1,Container,CT3,2025-02,2,4,128,0,0,0,0,0
berth,CT3-2,CT3-2 — CT3 Berth 2,Container,CT3,2025-02,4,8,203,1,0,0,0,0
berth,CT4-1,CT4-1 — CT4 Berth 1,Container,CT4,2025-02,2,4,0,1,0,0,0,0
berth,CT4-2,CT4-2 — CT4 Berth 2,Container,CT4,2025-02,2,4,0,0,0,0,0,0
berth,CT4-3,CT4-3 — CT4 Berth 3,Container,CT4,2025-02,2,4,87,0,0,0,0,0
berth,LB-3,LB-3 — Liquid Berth 3,Liquid & Offshore,LQB,2025-02,2,4,0,0,0,0,0,0
berth,MP-1,MP-1 — Multipurpose Berth 1,Dry Bulk & General,MPT,2025-02,4,8,87,1,0,0,0,0
berth,MP-2,MP-2 — Multipurpose Berth 2,Dry Bulk & General,MPT,2025-02,4,8,195,0,0,0,0,0
berth,MP-3,MP-3 — Multipurpose Berth 3,Dry Bulk & General,MPT,2025-02,12,24,144,4,1,2,2,0
berth,SPM-1,SPM-1 — Single Point Mooring 1 (crude),Liquid & Offshore,SPM,2025-02,4,8,137,0,0,0,0,0
berth,WB-1,WB-1 — West Basin Coal Berth 1,Dry Bulk & General,WBC,2025-02,6,12,125,1,1,0,0,0
port,INMUN,Mundra Port,,,2025-03,44,88,394,12,4,4,4,0
zone,BULKGEN,Dry Bulk & General,Dry Bulk & General,,2025-03,16,32,166,4,2,3,3,0
zone,CONTAINER,Container,Container,,2025-03,16,32,228,6,2,1,1,0
zone,LIQMAR,Liquid & Offshore,Liquid & Offshore,,2025-03,12,24,0,2,0,0,0,0
terminal,CT3,CT-3 (AICT),Container,CT3,2025-03,8,16,71,3,2,1,1,0
terminal,CT4,CT-4 (ACMT JV),Container,CT4,2025-03,8,16,157,3,0,0,0,0
terminal,LQB,Liquid Berths,Liquid & Offshore,LQB,2025-03,8,16,0,1,0,0,0,0
terminal,MPT,Multipurpose Terminal,Dry Bulk & General,MPT,2025-03,6,12,166,2,1,2,2,0
terminal,SPM,Single Point Moorings,Liquid & Offshore,SPM,2025-03,4,8,0,1,0,0,0,0
terminal,WBC,West Basin Coal Terminal,Dry Bulk & General,WBC,2025-03,10,20,0,2,1,1,1,0
berth,CT3-1,CT3-1 — CT3 Berth 1,Container,CT3,2025-03,6,12,71,2,1,1,1,0
berth,CT3-2,CT3-2 — CT3 Berth 2,Container,CT3,2025-03,2,4,0,1,1,0,0,0
berth,CT4-1,CT4-1 — CT4 Berth 1,Container,CT4,2025-03,4,8,157,1,0,0,0,0
berth,CT4-3,CT4-3 — CT4 Berth 3,Container,CT4,2025-03,4,8,0,2,0,0,0,0
berth,LB-2,LB-2 — Liquid Berth 2,Liquid & Offshore,LQB,2025-03,4,8,0,0,0,0,0,0
berth,LB-3,LB-3 — Liquid Berth 3,Liquid & Offshore,LQB,2025-03,4,8,0,1,0,0,0,0
berth,MP-1,MP-1 — Multipurpose Berth 1,Dry Bulk & General,MPT,2025-03,2,4,0,1,0,0,0,0
berth,MP-2,MP-2 — Multipurpose Berth 2,Dry Bulk & General,MPT,2025-03,4,8,166,1,1,2,2,0
berth,SPM-1,SPM-1 — Single Point Mooring 1 (crude),Liquid & Offshore,SPM,2025-03,4,8,0,1,0,0,0,0
berth,WB-1,WB-1 — West Basin Coal Berth 1,Dry Bulk & General,WBC,2025-03,6,12,0,1,1,1,1,0
berth,WB-2,WB-2 — West Basin Coal Berth 2,Dry Bulk & General,WBC,2025-03,4,8,0,1,0,0,0,0
port,INMUN,Mundra Port,,,2025-04,34,68,886,8,2,2,2,0
zone,BULKGEN,Dry Bulk & General,Dry Bulk & General,,2025-04,20,40,575,3,1,0,0,0
zone,CONTAINER,Container,Container,,2025-04,10,20,48,3,1,2,2,0
zone,LIQMAR,Liquid & Offshore,Liquid & Offshore,,2025-04,4,8,263,2,0,0,0,0
terminal,CT3,CT-3 (AICT),Container,CT3,2025-04,2,4,48,1,0,0,0,0
terminal,CT4,CT-4 (ACMT JV),Container,CT4,2025-04,8,16,0,2,1,2,2,0
terminal,LQB,Liquid Berths,Liquid & Offshore,LQB,2025-04,4,8,263,2,0,0,0,0
terminal,MPT,Multipurpose Terminal,Dry Bulk & General,MPT,2025-04,10,20,360,2,0,0,0,0
terminal,RRT,Ro-Ro Terminal,Dry Bulk & General,RRT,2025-04,8,16,215,1,1,0,0,0
terminal,WBC,West Basin Coal Terminal,Dry Bulk & General,WBC,2025-04,2,4,0,0,0,0,0,0
berth,CT3-2,CT3-2 — CT3 Berth 2,Container,CT3,2025-04,2,4,48,1,0,0,0,0
berth,CT4-1,CT4-1 — CT4 Berth 1,Container,CT4,2025-04,4,8,0,1,0,0,0,0
berth,CT4-2,CT4-2 — CT4 Berth 2,Container,CT4,2025-04,2,4,0,0,0,0,0,0
berth,CT4-4,CT4-4 — CT4 Berth 4,Container,CT4,2025-04,2,4,0,1,1,2,2,0
berth,LB-1,LB-1 — Liquid Berth 1,Liquid & Offshore,LQB,2025-04,2,4,121,1,0,0,0,0
berth,LB-3,LB-3 — Liquid Berth 3,Liquid & Offshore,LQB,2025-04,2,4,142,1,0,0,0,0
berth,MP-1,MP-1 — Multipurpose Berth 1,Dry Bulk & General,MPT,2025-04,4,8,155,1,0,0,0,0
berth,MP-2,MP-2 — Multipurpose Berth 2,Dry Bulk & General,MPT,2025-04,4,8,205,1,0,0,0,0
berth,MP-3,MP-3 — Multipurpose Berth 3,Dry Bulk & General,MPT,2025-04,2,4,0,0,0,0,0,0
berth,RR-1,RR-1 — Ro-Ro Berth 1,Dry Bulk & General,RRT,2025-04,8,16,215,1,1,0,0,0
berth,WB-1,WB-1 — West Basin Coal Berth 1,Dry Bulk & General,WBC,2025-04,2,4,0,0,0,0,0,0
port,INMUN,Mundra Port,,,2025-05,34,68,799,7,3,2,2,0
zone,BULKGEN,Dry Bulk & General,Dry Bulk & General,,2025-05,20,40,416,3,3,2,2,0
zone,CONTAINER,Container,Container,,2025-05,8,16,159,2,0,0,0,0
zone,LIQMAR,Liquid & Offshore,Liquid & Offshore,,2025-05,6,12,224,2,0,0,0,0
terminal,CT3,CT-3 (AICT),Container,CT3,2025-05,2,4,0,0,0,0,0,0
terminal,CT4,CT-4 (ACMT JV),Container,CT4,2025-05,6,12,159,2,0,0,0,0
terminal,LQB,Liquid Berths,Liquid & Offshore,LQB,2025-05,4,8,122,1,0,0,0,0
terminal,MPT,Multipurpose Terminal,Dry Bulk & General,MPT,2025-05,14,28,416,1,1,0,0,0
terminal,RRT,Ro-Ro Terminal,Dry Bulk & General,RRT,2025-05,4,8,0,1,1,2,2,0
terminal,SPM,Single Point Moorings,Liquid & Offshore,SPM,2025-05,2,4,102,1,0,0,0,0
terminal,WBC,West Basin Coal Terminal,Dry Bulk & General,WBC,2025-05,2,4,0,1,1,0,0,0
berth,CT3-1,CT3-1 — CT3 Berth 1,Container,CT3,2025-05,2,4,0,0,0,0,0,0
berth,CT4-1,CT4-1 — CT4 Berth 1,Container,CT4,2025-05,4,8,159,1,0,0,0,0
berth,CT4-3,CT4-3 — CT4 Berth 3,Container,CT4,2025-05,2,4,0,1,0,0,0,0
berth,LB-1,LB-1 — Liquid Berth 1,Liquid & Offshore,LQB,2025-05,2,4,0,0,0,0,0,0
berth,LB-2,LB-2 — Liquid Berth 2,Liquid & Offshore,LQB,2025-05,2,4,122,1,0,0,0,0
berth,MP-1,MP-1 — Multipurpose Berth 1,Dry Bulk & General,MPT,2025-05,8,16,254,0,1,0,0,0
berth,MP-2,MP-2 — Multipurpose Berth 2,Dry Bulk & General,MPT,2025-05,4,8,94,1,0,0,0,0
berth,MP-3,MP-3 — Multipurpose Berth 3,Dry Bulk & General,MPT,2025-05,2,4,68,0,0,0,0,0
berth,RR-1,RR-1 — Ro-Ro Berth 1,Dry Bulk & General,RRT,2025-05,4,8,0,1,1,2,2,0
berth,SPM-1,SPM-1 — Single Point Mooring 1 (crude),Liquid & Offshore,SPM,2025-05,2,4,102,1,0,0,0,0
berth,WB-1,WB-1 — West Basin Coal Berth 1,Dry Bulk & General,WBC,2025-05,2,4,0,1,1,0,0,0
port,INMUN,Mundra Port,,,2025-06,50,100,1126,9,3,2,1,0
zone,BULKGEN,Dry Bulk & General,Dry Bulk & General,,2025-06,18,36,274,1,0,0,0,0
zone,CONTAINER,Container,Container,,2025-06,22,44,583,5,1,1,0,0
zone,LIQMAR,Liquid & Offshore,Liquid & Offshore,,2025-06,10,20,269,3,2,1,1,0
terminal,CT3,CT-3 (AICT),Container,CT3,2025-06,6,12,0,1,0,0,0,0
terminal,CT4,CT-4 (ACMT JV),Container,CT4,2025-06,16,32,583,4,1,1,0,0
terminal,LQB,Liquid Berths,Liquid & Offshore,LQB,2025-06,10,20,269,3,2,1,1,0
terminal,MPT,Multipurpose Terminal,Dry Bulk & General,MPT,2025-06,6,12,0,0,0,0,0,0
terminal,RRT,Ro-Ro Terminal,Dry Bulk & General,RRT,2025-06,8,16,163,1,0,0,0,0
terminal,WBC,West Basin Coal Terminal,Dry Bulk & General,WBC,2025-06,4,8,111,0,0,0,0,0
berth,CT3-1,CT3-1 — CT3 Berth 1,Container,CT3,2025-06,4,8,0,0,0,0,0,0
berth,CT3-2,CT3-2 — CT3 Berth 2,Container,CT3,2025-06,2,4,0,1,0,0,0,0
berth,CT4-1,CT4-1 — CT4 Berth 1,Container,CT4,2025-06,4,8,54,1,0,0,0,0
berth,CT4-2,CT4-2 — CT4 Berth 2,Container,CT4,2025-06,4,8,193,2,0,0,0,0
berth,CT4-3,CT4-3 — CT4 Berth 3,Container,CT4,2025-06,6,12,204,1,1,1,0,0
berth,CT4-4,CT4-4 — CT4 Berth 4,Container,CT4,2025-06,2,4,132,0,0,0,0,0
berth,LB-2,LB-2 — Liquid Berth 2,Liquid & Offshore,LQB,2025-06,2,4,0,0,1,0,0,0
berth,LB-3,LB-3 — Liquid Berth 3,Liquid & Offshore,LQB,2025-06,8,16,269,3,1,1,1,0
berth,MP-1,MP-1 — Multipurpose Berth 1,Dry Bulk & General,MPT,2025-06,2,4,0,0,0,0,0,0
berth,MP-3,MP-3 — Multipurpose Berth 3,Dry Bulk & General,MPT,2025-06,4,8,0,0,0,0,0,0
berth,RR-1,RR-1 — Ro-Ro Berth 1,Dry Bulk & General,RRT,2025-06,8,16,163,1,0,0,0,0
berth,WB-1,WB-1 — West Basin Coal Berth 1,Dry Bulk & General,WBC,2025-06,4,8,111,0,0,0,0,0
port,INMUN,Mundra Port,,,2025-07,38,76,917,12,3,3,3,0
zone,BULKGEN,Dry Bulk & General,Dry Bulk & General,,2025-07,10,20,0,2,1,0,0,0
zone,CONTAINER,Container,Container,,2025-07,16,32,420,6,0,0,0,0
zone,LIQMAR,Liquid & Offshore,Liquid & Offshore,,2025-07,12,24,497,4,2,3,3,0
terminal,CT3,CT-3 (AICT),Container,CT3,2025-07,8,16,320,2,0,0,0,0
terminal,CT4,CT-4 (ACMT JV),Container,CT4,2025-07,8,16,100,4,0,0,0,0
terminal,LQB,Liquid Berths,Liquid & Offshore,LQB,2025-07,6,12,302,2,1,1,1,0
terminal,MPT,Multipurpose Terminal,Dry Bulk & General,MPT,2025-07,2,4,0,0,0,0,0,0
terminal,RRT,Ro-Ro Terminal,Dry Bulk & General,RRT,2025-07,2,4,0,1,0,0,0,0
terminal,SPM,Single Point Moorings,Liquid & Offshore,SPM,2025-07,6,12,195,2,1,2,2,0
terminal,WBC,West Basin Coal Terminal,Dry Bulk & General,WBC,2025-07,6,12,0,1,1,0,0,0
berth,CT3-1,CT3-1 — CT3 Berth 1,Container,CT3,2025-07,6,12,320,1,0,0,0,0
berth,CT3-2,CT3-2 — CT3 Berth 2,Container,CT3,2025-07,2,4,0,1,0,0,0,0
berth,CT4-2,CT4-2 — CT4 Berth 2,Container,CT4,2025-07,2,4,0,1,0,0,0,0
berth,CT4-3,CT4-3 — CT4 Berth 3,Container,CT4,2025-07,6,12,100,3,0,0,0,0
berth,LB-1,LB-1 — Liquid Berth 1,Liquid & Offshore,LQB,2025-07,2,4,0,0,1,1,1,0
berth,LB-2,LB-2 — Liquid Berth 2,Liquid & Offshore,LQB,2025-07,2,4,149,1,0,0,0,0
berth,LB-3,LB-3 — Liquid Berth 3,Liquid & Offshore,LQB,2025-07,2,4,153,1,0,0,0,0
berth,MP-3,MP-3 — Multipurpose Berth 3,Dry Bulk & General,MPT,2025-07,2,4,0,0,0,0,0,0
berth,RR-1,RR-1 — Ro-Ro Berth 1,Dry Bulk & General,RRT,2025-07,2,4,0,1,0,0,0,0
berth,SPM-1,SPM-1 — Single Point Mooring 1 (crude),Liquid & Offshore,SPM,2025-07,6,12,195,2,1,2,2,0
berth,WB-2,WB-2 — West Basin Coal Berth 2,Dry Bulk & General,WBC,2025-07,6,12,0,1,1,0,0,0
port,INMUN,Mundra Port,,,2025-08,36,72,1235,12,4,1,1,0
zone,BULKGEN,Dry Bulk & General,Dry Bulk & General,,2025-08,16,32,441,6,3,1,1,0
zone,CONTAINER,Container,Container,,2025-08,10,20,584,3,0,0,0,0
zone,LIQMAR,Liquid & Offshore,Liquid & Offshore,,2025-08,10,20,210,3,1,0,0,0
terminal,CT3,CT-3 (AICT),Container,CT3,2025-08,4,8,159,1,0,0,0,0
terminal,CT4,CT-4 (ACMT JV),Container,CT4,2025-08,6,12,425,2,0,0,0,0
terminal,LQB,Liquid Berths,Liquid & Offshore,LQB,2025-08,4,8,0,1,1,0,0,0
terminal,MPT,Multipurpose Terminal,Dry Bulk & General,MPT,2025-08,6,12,76,2,1,1,1,0
terminal,RRT,Ro-Ro Terminal,Dry Bulk & General,RRT,2025-08,4,8,158,2,1,0,0,0
terminal,SPM,Single Point Moorings,Liquid & Offshore,SPM,2025-08,6,12,210,2,0,0,0,0
terminal,WBC,West Basin Coal Terminal,Dry Bulk & General,WBC,2025-08,6,12,207,2,1,0,0,0
berth,CT3-1,CT3-1 — CT3 Berth 1,Container,CT3,2025-08,2,4,56,0,0,0,0,0
berth,CT3-2,CT3-2 — CT3 Berth 2,Container,CT3,2025-08,2,4,103,1,0,0,0,0
berth,CT4-1,CT4-1 — CT4 Berth 1,Container,CT4,2025-08,4,8,275,1,0,0,0,0
berth,CT4-3,CT4-3 — CT4 Berth 3,Container,CT4,2025-08,2,4,150,1,0,0,0,0
berth,LB-1,LB-1 — Liquid Berth 1,Liquid & Offshore,LQB,2025-08,2,4,0,0,1,0,0,0
berth,LB-3,LB-3 — Liquid Berth 3,Liquid & Offshore,LQB,2025-08,2,4,0,1,0,0,0,0
berth,MP-2,MP-2 — Multipurpose Berth 2,Dry Bulk & General,MPT,2025-08,4,8,76,1,1,1,1,0
berth,MP-3,MP-3 — Multipurpose Berth 3,Dry Bulk & General,MPT,2025-08,2,4,0,1,0,0,0,0
berth,RR-1,RR-1 — Ro-Ro Berth 1,Dry Bulk & General,RRT,2025-08,4,8,158,2,1,0,0,0
berth,SPM-1,SPM-1 — Single Point Mooring 1 (crude),Liquid & Offshore,SPM,2025-08,6,12,210,2,0,0,0,0
berth,WB-1,WB-1 — West Basin Coal Berth 1,Dry Bulk & General,WBC,2025-08,2,4,94,1,0,0,0,0
berth,WB-2,WB-2 — West Basin Coal Berth 2,Dry Bulk & General,WBC,2025-08,4,8,113,1,1,0,0,0
port,INMUN,Mundra Port,,,2025-09,42,84,1599,9,2,3,0,1
zone,BULKGEN,Dry Bulk & General,Dry Bulk & General,,2025-09,20,40,808,4,2,3,0,1
zone,CONTAINER,Container,Container,,2025-09,12,24,353,2,0,0,0,0
zone,LIQMAR,Liquid & Offshore,Liquid & Offshore,,2025-09,10,20,438,3,0,0,0,0
terminal,CT3,CT-3 (AICT),Container,CT3,2025-09,2,4,0,1,0,0,0,0
terminal,CT4,CT-4 (ACMT JV),Container,CT4,2025-09,10,20,353,1,0,0,0,0
terminal,LQB,Liquid Berths,Liquid & Offshore,LQB,2025-09,6,12,216,1,0,0,0,0
terminal,MPT,Multipurpose Terminal,Dry Bulk & General,MPT,2025-09,10,20,467,2,0,0,0,0
terminal,RRT,Ro-Ro Terminal,Dry Bulk & General,RRT,2025-09,4,8,185,0,1,0,0,0
terminal,SPM,Single Point Moorings,Liquid & Offshore,SPM,2025-09,4,8,222,2,0,0,0,0
terminal,WBC,West Basin Coal Terminal,Dry Bulk & General,WBC,2025-09,6,12,156,2,1,3,0,1
berth,CT3-1,CT3-1 — CT3 Berth 1,Container,CT3,2025-09,2,4,0,1,0,0,0,0
berth,CT4-1,CT4-1 — CT4 Berth 1,Container,CT4,2025-09,4,8,288,0,0,0,0,0
berth,CT4-2,CT4-2 — CT4 Berth 2,Container,CT4,2025-09,2,4,0,0,0,0,0,0
berth,CT4-3,CT4-3 — CT4 Berth 3,Container,CT4,2025-09,2,4,0,1,0,0,0,0
berth,CT4-4,CT4-4 — CT4 Berth 4,Container,CT4,2025-09,2,4,65,0,0,0,0,0
berth,LB-1,LB-1 — Liquid Berth 1,Liquid & Offshore,LQB,2025-09,4,8,90,0,0,0,0,0
berth,LB-3,LB-3 — Liquid Berth 3,Liquid & Offshore,LQB,2025-09,2,4,126,1,0,0,0,0
berth,MP-1,MP-1 — Multipurpose Berth 1,Dry Bulk & General,MPT,2025-09,4,8,143,0,0,0,0,0
berth,MP-2,MP-2 — Multipurpose Berth 2,Dry Bulk & General,MPT,2025-09,2,4,111,0,0,0,0,0
berth,MP-3,MP-3 — Multipurpose Berth 3,Dry Bulk & General,MPT,2025-09,4,8,213,2,0,0,0,0
berth,RR-1,RR-1 — Ro-Ro Berth 1,Dry Bulk & General,RRT,2025-09,4,8,185,0,1,0,0,0
berth,SPM-1,SPM-1 — Single Point Mooring 1 (crude),Liquid & Offshore,SPM,2025-09,4,8,222,2,0,0,0,0
berth,WB-2,WB-2 — West Basin Coal Berth 2,Dry Bulk & General,WBC,2025-09,6,12,156,2,1,3,0,1
port,INMUN,Mundra Port,,,2025-10,42,84,680,15,3,2,1,0
zone,BULKGEN,Dry Bulk & General,Dry Bulk & General,,2025-10,20,40,499,8,1,0,0,0
zone,CONTAINER,Container,Container,,2025-10,10,20,0,2,0,0,0,0
zone,LIQMAR,Liquid & Offshore,Liquid & Offshore,,2025-10,12,24,181,5,2,2,1,0
terminal,CT3,CT-3 (AICT),Container,CT3,2025-10,6,12,0,2,0,0,0,0
terminal,CT4,CT-4 (ACMT JV),Container,CT4,2025-10,4,8,0,0,0,0,0,0
terminal,LQB,Liquid Berths,Liquid & Offshore,LQB,2025-10,10,20,181,4,2,2,1,0
terminal,MPT,Multipurpose Terminal,Dry Bulk & General,MPT,2025-10,12,24,386,6,0,0,0,0
terminal,SPM,Single Point Moorings,Liquid & Offshore,SPM,2025-10,2,4,0,1,0,0,0,0
terminal,WBC,West Basin Coal Terminal,Dry Bulk & General,WBC,2025-10,8,16,113,2,1,0,0,0
berth,CT3-1,CT3-1 — CT3 Berth 1,Container,CT3,2025-10,6,12,0,2,0,0,0,0
berth,CT4-1,CT4-1 — CT4 Berth 1,Container,CT4,2025-10,2,4,0,0,0,0,0,0
berth,CT4-3,CT4-3 — CT4 Berth 3,Container,CT4,2025-10,2,4,0,0,0,0,0,0
berth,LB-2,LB-2 — Liquid Berth 2,Liquid & Offshore,LQB,2025-10,6,12,181,2,2,2,1,0
berth,LB-3,LB-3 — Liquid Berth 3,Liquid & Offshore,LQB,2025-10,4,8,0,2,0,0,0,0
berth,MP-1,MP-1 — Multipurpose Berth 1,Dry Bulk & General,MPT,2025-10,2,4,85,1,0,0,0,0
berth,MP-2,MP-2 — Multipurpose Berth 2,Dry Bulk & General,MPT,2025-10,6,12,239,3,0,0,0,0
berth,MP-3,MP-3 — Multipurpose Berth 3,Dry Bulk & General,MPT,2025-10,4,8,62,2,0,0,0,0
berth,SPM-1,SPM-1 — Single Point Mooring 1 (crude),Liquid & Offshore,SPM,2025-10,2,4,0,1,0,0,0,0
berth,WB-1,WB-1 — West Basin Coal Berth 1,Dry Bulk & General,WBC,2025-10,2,4,0,1,0,0,0,0
berth,WB-2,WB-2 — West Basin Coal Berth 2,Dry Bulk & General,WBC,2025-10,6,12,113,1,1,0,0,0
port,INMUN,Mundra Port,,,2025-11,50,100,1293,10,3,6,5,0
zone,BULKGEN,Dry Bulk & General,Dry Bulk & General,,2025-11,26,52,658,5,3,6,5,0
zone,CONTAINER,Container,Container,,2025-11,14,28,246,4,0,0,0,0
zone,LIQMAR,Liquid & Offshore,Liquid & Offshore,,2025-11,10,20,389,1,0,0,0,0
terminal,CT3,CT-3 (AICT),Container,CT3,2025-11,8,16,147,2,0,0,0,0
terminal,CT4,CT-4 (ACMT JV),Container,CT4,2025-11,6,12,99,2,0,0,0,0
terminal,LQB,Liquid Berths,Liquid & Offshore,LQB,2025-11,8,16,232,1,0,0,0,0
terminal,MPT,Multipurpose Terminal,Dry Bulk & General,MPT,2025-11,16,32,527,3,1,1,1,0
terminal,RRT,Ro-Ro Terminal,Dry Bulk & General,RRT,2025-11,6,12,131,1,2,5,4,0
terminal,SPM,Single Point Moorings,Liquid & Offshore,SPM,2025-11,2,4,157,0,0,0,0,0
terminal,WBC,West Basin Coal Terminal,Dry Bulk & General,WBC,2025-11,4,8,0,1,0,0,0,0
berth,CT3-1,CT3-1 — CT3 Berth 1,Container,CT3,2025-11,8,16,147,2,0,0,0,0
berth,CT4-3,CT4-3 — CT4 Berth 3,Container,CT4,2025-11,4,8,99,1,0,0,0,0
berth,CT4-4,CT4-4 — CT4 Berth 4,Container,CT4,2025-11,2,4,0,1,0,0,0,0
berth,LB-1,LB-1 — Liquid Berth 1,Liquid & Offshore,LQB,2025-11,2,4,132,0,0,0,0,0
berth,LB-2,LB-2 — Liquid Berth 2,Liquid & Offshore,LQB,2025-11,4,8,100,0,0,0,0,0
berth,LB-3,LB-3 — Liquid Berth 3,Liquid & Offshore,LQB,2025-11,2,4,0,1,0,0,0,0
berth,MP-1,MP-1 — Multipurpose Berth 1,Dry Bulk & General,MPT,2025-11,4,8,83,0,1,1,1,0
berth,MP-2,MP-2 — Multipurpose Berth 2,Dry Bulk & General,MPT,2025-11,6,12,148,0,0,0,0,0
berth,MP-3,MP-3 — Multipurpose Berth 3,Dry Bulk & General,MPT,2025-11,6,12,296,3,0,0,0,0
berth,RR-1,RR-1 — Ro-Ro Berth 1,Dry Bulk & General,RRT,2025-11,6,12,131,1,2,5,4,0
berth,SPM-1,SPM-1 — Single Point Mooring 1 (crude),Liquid & Offshore,SPM,2025-11,2,4,157,0,0,0,0,0
berth,WB-2,WB-2 — West Basin Coal Berth 2,Dry Bulk & General,WBC,2025-11,4,8,0,1,0,0,0,0
port,INMUN,Mundra Port,,,2025-12,46,92,720,14,3,1,1,0
zone,BULKGEN,Dry Bulk & General,Dry Bulk & General,,2025-12,16,32,316,5,1,0,0,0
zone,CONTAINER,Container,Container,,2025-12,22,44,134,7,2,1,1,0
zone,LIQMAR,Liquid & Offshore,Liquid & Offshore,,2025-12,8,16,270,2,0,0,0,0
terminal,CT3,CT-3 (AICT),Container,CT3,2025-12,6,12,91,2,1,0,0,0
terminal,CT4,CT-4 (ACMT JV),Container,CT4,2025-12,16,32,43,5,1,1,1,0
terminal,LQB,Liquid Berths,Liquid & Offshore,LQB,2025-12,6,12,149,2,0,0,0,0
terminal,MPT,Multipurpose Terminal,Dry Bulk & General,MPT,2025-12,10,20,218,4,0,0,0,0
terminal,SPM,Single Point Moorings,Liquid & Offshore,SPM,2025-12,2,4,121,0,0,0,0,0
terminal,WBC,West Basin Coal Terminal,Dry Bulk & General,WBC,2025-12,6,12,98,1,1,0,0,0
berth,CT3-1,CT3-1 — CT3 Berth 1,Container,CT3,2025-12,2,4,91,0,0,0,0,0
berth,CT3-2,CT3-2 — CT3 Berth 2,Container,CT3,2025-12,4,8,0,2,1,0,0,0
berth,CT4-1,CT4-1 — CT4 Berth 1,Container,CT4,2025-12,4,8,43,1,1,1,1,0
berth,CT4-2,CT4-2 — CT4 Berth 2,Container,CT4,2025-12,2,4,0,1,0,0,0,0
berth,CT4-3,CT4-3 — CT4 Berth 3,Container,CT4,2025-12,6,12,0,2,0,0,0,0
berth,CT4-4,CT4-4 — CT4 Berth 4,Container,CT4,2025-12,4,8,0,1,0,0,0,0
berth,LB-1,LB-1 — Liquid Berth 1,Liquid & Offshore,LQB,2025-12,2,4,0,1,0,0,0,0
berth,LB-2,LB-2 — Liquid Berth 2,Liquid & Offshore,LQB,2025-12,2,4,149,0,0,0,0,0
berth,LB-3,LB-3 — Liquid Berth 3,Liquid & Offshore,LQB,2025-12,2,4,0,1,0,0,0,0
berth,MP-1,MP-1 — Multipurpose Berth 1,Dry Bulk & General,MPT,2025-12,4,8,0,1,0,0,0,0
berth,MP-2,MP-2 — Multipurpose Berth 2,Dry Bulk & General,MPT,2025-12,2,4,0,1,0,0,0,0
berth,MP-3,MP-3 — Multipurpose Berth 3,Dry Bulk & General,MPT,2025-12,4,8,218,2,0,0,0,0
berth,SPM-1,SPM-1 — Single Point Mooring 1 (crude),Liquid & Offshore,SPM,2025-12,2,4,121,0,0,0,0,0
berth,WB-1,WB-1 — West Basin Coal Berth 1,Dry Bulk & General,WBC,2025-12,4,8,98,0,0,0,0,0
berth,WB-2,WB-2 — West Basin Coal Berth 2,Dry Bulk & General,WBC,2025-12,2,4,0,1,1,0,0,0
port,INMUN,Mundra Port,,,2026-01,48,96,1263,16,2,3,3,0
zone,BULKGEN,Dry Bulk & General,Dry Bulk & General,,2026-01,20,40,698,5,1,1,1,0
zone,CONTAINER,Container,Container,,2026-01,22,44,187,9,0,0,0,0
zone,LIQMAR,Liquid & Offshore,Liquid & Offshore,,2026-01,6,12,378,2,1,2,2,0
terminal,CT3,CT-3 (AICT),Container,CT3,2026-01,8,16,0,3,0,0,0,0
terminal,CT4,CT-4 (ACMT JV),Container,CT4,2026-01,14,28,187,6,0,0,0,0
terminal,LQB,Liquid Berths,Liquid & Offshore,LQB,2026-01,6,12,378,2,1,2,2,0
terminal,MPT,Multipurpose Terminal,Dry Bulk & General,MPT,2026-01,10,20,301,1,1,1,1,0
terminal,RRT,Ro-Ro Terminal,Dry Bulk & General,RRT,2026-01,2,4,116,1,0,0,0,0
terminal,WBC,West Basin Coal Terminal,Dry Bulk & General,WBC,2026-01,8,16,281,3,0,0,0,0
berth,CT3-1,CT3-1 — CT3 Berth 1,Container,CT3,2026-01,2,4,0,1,0,0,0,0
berth,CT3-2,CT3-2 — CT3 Berth 2,Container,CT3,2026-01,6,12,0,2,0,0,0,0
berth,CT4-1,CT4-1 — CT4 Berth 1,Container,CT4,2026-01,4,8,137,1,0,0,0,0
berth,CT4-2,CT4-2 — CT4 Berth 2,Container,CT4,2026-01,2,4,0,1,0,0,0,0
berth,CT4-3,CT4-3 — CT4 Berth 3,Container,CT4,2026-01,4,8,50,2,0,0,0,0
berth,CT4-4,CT4-4 — CT4 Berth 4,Container,CT4,2026-01,4,8,0,2,0,0,0,0
berth,LB-2,LB-2 — Liquid Berth 2,Liquid & Offshore,LQB,2026-01,4,8,230,1,1,2,2,0
berth,LB-3,LB-3 — Liquid Berth 3,Liquid & Offshore,LQB,2026-01,2,4,148,1,0,0,0,0
berth,MP-1,MP-1 — Multipurpose Berth 1,Dry Bulk & General,MPT,2026-01,4,8,145,1,1,1,1,0
berth,MP-2,MP-2 — Multipurpose Berth 2,Dry Bulk & General,MPT,2026-01,6,12,156,0,0,0,0,0
berth,RR-1,RR-1 — Ro-Ro Berth 1,Dry Bulk & General,RRT,2026-01,2,4,116,1,0,0,0,0
berth,WB-1,WB-1 — West Basin Coal Berth 1,Dry Bulk & General,WBC,2026-01,8,16,281,3,0,0,0,0
port,INMUN,Mundra Port,,,2026-02,38,76,850,12,2,2,1,0
zone,BULKGEN,Dry Bulk & General,Dry Bulk & General,,2026-02,16,32,204,4,1,2,1,0
zone,CONTAINER,Container,Container,,2026-02,12,24,302,5,1,0,0,0
zone,LIQMAR,Liquid & Offshore,Liquid & Offshore,,2026-02,10,20,344,3,0,0,0,0
terminal,CT3,CT-3 (AICT),Container,CT3,2026-02,2,4,0,0,1,0,0,0
terminal,CT4,CT-4 (ACMT JV),Container,CT4,2026-02,10,20,302,5,0,0,0,0
terminal,LQB,Liquid Berths,Liquid & Offshore,LQB,2026-02,6,12,205,2,0,0,0,0
terminal,MPT,Multipurpose Terminal,Dry Bulk & General,MPT,2026-02,10,20,0,4,1,2,1,0
terminal,RRT,Ro-Ro Terminal,Dry Bulk & General,RRT,2026-02,2,4,153,0,0,0,0,0
terminal,SPM,Single Point Moorings,Liquid & Offshore,SPM,2026-02,4,8,139,1,0,0,0,0
terminal,WBC,West Basin Coal Terminal,Dry Bulk & General,WBC,2026-02,4,8,51,0,0,0,0,0
berth,CT3-1,CT3-1 — CT3 Berth 1,Container,CT3,2026-02,2,4,0,0,1,0,0,0
berth,CT4-1,CT4-1 — CT4 Berth 1,Container,CT4,2026-02,2,4,0,1,0,0,0,0
berth,CT4-3,CT4-3 — CT4 Berth 3,Container,CT4,2026-02,2,4,135,1,0,0,0,0
berth,CT4-4,CT4-4 — CT4 Berth 4,Container,CT4,2026-02,6,12,167,3,0,0,0,0
berth,LB-2,LB-2 — Liquid Berth 2,Liquid & Offshore,LQB,2026-02,2,4,0,0,0,0,0,0
berth,LB-3,LB-3 — Liquid Berth 3,Liquid & Offshore,LQB,2026-02,4,8,205,2,0,0,0,0
berth,MP-1,MP-1 — Multipurpose Berth 1,Dry Bulk & General,MPT,2026-02,4,8,0,2,0,0,0,0
berth,MP-3,MP-3 — Multipurpose Berth 3,Dry Bulk & General,MPT,2026-02,6,12,0,2,1,2,1,0
berth,RR-1,RR-1 — Ro-Ro Berth 1,Dry Bulk & General,RRT,2026-02,2,4,153,0,0,0,0,0
berth,SPM-1,SPM-1 — Single Point Mooring 1 (crude),Liquid & Offshore,SPM,2026-02,4,8,139,1,0,0,0,0
berth,WB-1,WB-1 — West Basin Coal Berth 1,Dry Bulk & General,WBC,2026-02,2,4,0,0,0,0,0,0
berth,WB-2,WB-2 — West Basin Coal Berth 2,Dry Bulk & General,WBC,2026-02,2,4,51,0,0,0,0,0
port,INMUN,Mundra Port,,,2026-03,50,100,1292,11,4,4,4,0
zone,BULKGEN,Dry Bulk & General,Dry Bulk & General,,2026-03,22,44,609,6,1,1,1,0
zone,CONTAINER,Container,Container,,2026-03,12,24,346,1,2,3,3,0
zone,LIQMAR,Liquid & Offshore,Liquid & Offshore,,2026-03,16,32,337,4,1,0,0,0
terminal,CT3,CT-3 (AICT),Container,CT3,2026-03,6,12,89,1,2,3,3,0
terminal,CT4,CT-4 (ACMT JV),Container,CT4,2026-03,6,12,257,0,0,0,0,0
terminal,LQB,Liquid Berths,Liquid & Offshore,LQB,2026-03,8,16,196,1,0,0,0,0
terminal,MPT,Multipurpose Terminal,Dry Bulk & General,MPT,2026-03,12,24,150,3,1,1,1,0
terminal,RRT,Ro-Ro Terminal,Dry Bulk & General,RRT,2026-03,2,4,82,1,0,0,0,0
terminal,SPM,Single Point Moorings,Liquid & Offshore,SPM,2026-03,8,16,141,3,1,0,0,0
terminal,WBC,West Basin Coal Terminal,Dry Bulk & General,WBC,2026-03,8,16,377,2,0,0,0,0
berth,CT3-1,CT3-1 — CT3 Berth 1,Container,CT3,2026-03,4,8,89,1,1,0,0,0
berth,CT3-2,CT3-2 — CT3 Berth 2,Container,CT3,2026-03,2,4,0,0,1,3,3,0
berth,CT4-2,CT4-2 — CT4 Berth 2,Container,CT4,2026-03,4,8,217,0,0,0,0,0
berth,CT4-3,CT4-3 — CT4 Berth 3,Container,CT4,2026-03,2,4,40,0,0,0,0,0
berth,LB-2,LB-2 — Liquid Berth 2,Liquid & Offshore,LQB,2026-03,2,4,0,0,0,0,0,0
berth,LB-3,LB-3 — Liquid Berth 3,Liquid & Offshore,LQB,2026-03,6,12,196,1,0,0,0,0
berth,MP-1,MP-1 — Multipurpose Berth 1,Dry Bulk & General,MPT,2026-03,6,12,150,2,1,1,1,0
berth,MP-3,MP-3 — Multipurpose Berth 3,Dry Bulk & General,MPT,2026-03,6,12,0,1,0,0,0,0
berth,RR-1,RR-1 — Ro-Ro Berth 1,Dry Bulk & General,RRT,2026-03,2,4,82,1,0,0,0,0
berth,SPM-1,SPM-1 — Single Point Mooring 1 (crude),Liquid & Offshore,SPM,2026-03,8,16,141,3,1,0,0,0
berth,WB-1,WB-1 — West Basin Coal Berth 1,Dry Bulk & General,WBC,2026-03,6,12,230,2,0,0,0,0
berth,WB-2,WB-2 — West Basin Coal Berth 2,Dry Bulk & General,WBC,2026-03,2,4,147,0,0,0,0,0
port,INMUN,Mundra Port,,,2026-04,50,100,993,14,4,0,0,0
zone,BULKGEN,Dry Bulk & General,Dry Bulk & General,,2026-04,16,32,305,4,2,0,0,0
zone,CONTAINER,Container,Container,,2026-04,16,32,249,6,1,0,0,0
zone,LIQMAR,Liquid & Offshore,Liquid & Offshore,,2026-04,18,36,439,4,1,0,0,0
terminal,CT3,CT-3 (AICT),Container,CT3,2026-04,4,8,133,2,0,0,0,0
terminal,CT4,CT-4 (ACMT JV),Container,CT4,2026-04,12,24,116,4,1,0,0,0
terminal,LQB,Liquid Berths,Liquid & Offshore,LQB,2026-04,12,24,197,2,0,0,0,0
terminal,MPT,Multipurpose Terminal,Dry Bulk & General,MPT,2026-04,8,16,197,2,1,0,0,0
terminal,RRT,Ro-Ro Terminal,Dry Bulk & General,RRT,2026-04,6,12,61,2,1,0,0,0
terminal,SPM,Single Point Moorings,Liquid & Offshore,SPM,2026-04,6,12,242,2,1,0,0,0
terminal,WBC,West Basin Coal Terminal,Dry Bulk & General,WBC,2026-04,2,4,47,0,0,0,0,0
berth,CT3-1,CT3-1 — CT3 Berth 1,Container,CT3,2026-04,2,4,0,1,0,0,0,0
berth,CT3-2,CT3-2 — CT3 Berth 2,Container,CT3,2026-04,2,4,133,1,0,0,0,0
berth,CT4-1,CT4-1 — CT4 Berth 1,Container,CT4,2026-04,4,8,116,2,1,0,0,0
berth,CT4-2,CT4-2 — CT4 Berth 2,Container,CT4,2026-04,4,8,0,1,0,0,0,0
berth,CT4-3,CT4-3 — CT4 Berth 3,Container,CT4,2026-04,2,4,0,1,0,0,0,0
berth,CT4-4,CT4-4 — CT4 Berth 4,Container,CT4,2026-04,2,4,0,0,0,0,0,0
berth,LB-1,LB-1 — Liquid Berth 1,Liquid & Offshore,LQB,2026-04,4,8,142,0,0,0,0,0
berth,LB-2,LB-2 — Liquid Berth 2,Liquid & Offshore,LQB,2026-04,4,8,0,1,0,0,0,0
berth,LB-3,LB-3 — Liquid Berth 3,Liquid & Offshore,LQB,2026-04,4,8,55,1,0,0,0,0
berth,MP-1,MP-1 — Multipurpose Berth 1,Dry Bulk & General,MPT,2026-04,4,8,47,1,1,0,0,0
berth,MP-3,MP-3 — Multipurpose Berth 3,Dry Bulk & General,MPT,2026-04,4,8,150,1,0,0,0,0
berth,RR-1,RR-1 — Ro-Ro Berth 1,Dry Bulk & General,RRT,2026-04,6,12,61,2,1,0,0,0
berth,SPM-1,SPM-1 — Single Point Mooring 1 (crude),Liquid & Offshore,SPM,2026-04,6,12,242,2,1,0,0,0
berth,WB-1,WB-1 — West Basin Coal Berth 1,Dry Bulk & General,WBC,2026-04,2,4,47,0,0,0,0,0
port,INMUN,Mundra Port,,,2026-05,48,96,1301,13,2,5,2,1
zone,BULKGEN,Dry Bulk & General,Dry Bulk & General,,2026-05,26,52,762,7,2,5,2,1
zone,CONTAINER,Container,Container,,2026-05,16,32,444,4,0,0,0,0
zone,LIQMAR,Liquid & Offshore,Liquid & Offshore,,2026-05,6,12,95,2,0,0,0,0
terminal,CT3,CT-3 (AICT),Container,CT3,2026-05,2,4,0,0,0,0,0,0
terminal,CT4,CT-4 (ACMT JV),Container,CT4,2026-05,14,28,444,4,0,0,0,0
terminal,LQB,Liquid Berths,Liquid & Offshore,LQB,2026-05,2,4,0,0,0,0,0,0
terminal,MPT,Multipurpose Terminal,Dry Bulk & General,MPT,2026-05,18,36,651,3,1,3,0,1
terminal,RRT,Ro-Ro Terminal,Dry Bulk & General,RRT,2026-05,2,4,111,1,0,0,0,0
terminal,SPM,Single Point Moorings,Liquid & Offshore,SPM,2026-05,4,8,95,2,0,0,0,0
terminal,WBC,West Basin Coal Terminal,Dry Bulk & General,WBC,2026-05,6,12,0,3,1,2,2,0
berth,CT3-2,CT3-2 — CT3 Berth 2,Container,CT3,2026-05,2,4,0,0,0,0,0,0
berth,CT4-1,CT4-1 — CT4 Berth 1,Container,CT4,2026-05,2,4,80,1,0,0,0,0
berth,CT4-2,CT4-2 — CT4 Berth 2,Container,CT4,2026-05,4,8,0,1,0,0,0,0
berth,CT4-3,CT4-3 — CT4 Berth 3,Container,CT4,2026-05,4,8,140,1,0,0,0,0
berth,CT4-4,CT4-4 — CT4 Berth 4,Container,CT4,2026-05,4,8,224,1,0,0,0,0
berth,LB-2,LB-2 — Liquid Berth 2,Liquid & Offshore,LQB,2026-05,2,4,0,0,0,0,0,0
berth,MP-1,MP-1 — Multipurpose Berth 1,Dry Bulk & General,MPT,2026-05,8,16,134,1,0,0,0,0
berth,MP-2,MP-2 — Multipurpose Berth 2,Dry Bulk & General,MPT,2026-05,8,16,380,1,1,3,0,1
berth,MP-3,MP-3 — Multipurpose Berth 3,Dry Bulk & General,MPT,2026-05,2,4,137,1,0,0,0,0
berth,RR-1,RR-1 — Ro-Ro Berth 1,Dry Bulk & General,RRT,2026-05,2,4,111,1,0,0,0,0
berth,SPM-1,SPM-1 — Single Point Mooring 1 (crude),Liquid & Offshore,SPM,2026-05,4,8,95,2,0,0,0,0
berth,WB-1,WB-1 — West Basin Coal Berth 1,Dry Bulk & General,WBC,2026-05,4,8,0,2,0,0,0,0
berth,WB-2,WB-2 — West Basin Coal Berth 2,Dry Bulk & General,WBC,2026-05,2,4,0,1,1,2,2,0
port,INMUN,Mundra Port,,,2026-06,44,88,595,10,0,0,0,0
zone,BULKGEN,Dry Bulk & General,Dry Bulk & General,,2026-06,22,44,437,6,0,0,0,0
zone,CONTAINER,Container,Container,,2026-06,16,32,158,3,0,0,0,0
zone,LIQMAR,Liquid & Offshore,Liquid & Offshore,,2026-06,6,12,0,1,0,0,0,0
terminal,CT3,CT-3 (AICT),Container,CT3,2026-06,6,12,40,1,0,0,0,0
terminal,CT4,CT-4 (ACMT JV),Container,CT4,2026-06,10,20,118,2,0,0,0,0
terminal,LQB,Liquid Berths,Liquid & Offshore,LQB,2026-06,6,12,0,1,0,0,0,0
terminal,MPT,Multipurpose Terminal,Dry Bulk & General,MPT,2026-06,14,28,368,3,0,0,0,0
terminal,RRT,Ro-Ro Terminal,Dry Bulk & General,RRT,2026-06,2,4,69,1,0,0,0,0
terminal,WBC,West Basin Coal Terminal,Dry Bulk & General,WBC,2026-06,6,12,0,2,0,0,0,0
berth,CT3-1,CT3-1 — CT3 Berth 1,Container,CT3,2026-06,2,4,0,1,0,0,0,0
berth,CT3-2,CT3-2 — CT3 Berth 2,Container,CT3,2026-06,4,8,40,0,0,0,0,0
berth,CT4-1,CT4-1 — CT4 Berth 1,Container,CT4,2026-06,4,8,59,0,0,0,0,0
berth,CT4-2,CT4-2 — CT4 Berth 2,Container,CT4,2026-06,4,8,59,1,0,0,0,0
berth,CT4-4,CT4-4 — CT4 Berth 4,Container,CT4,2026-06,2,4,0,1,0,0,0,0
berth,LB-1,LB-1 — Liquid Berth 1,Liquid & Offshore,LQB,2026-06,4,8,0,0,0,0,0,0
berth,LB-3,LB-3 — Liquid Berth 3,Liquid & Offshore,LQB,2026-06,2,4,0,1,0,0,0,0
berth,MP-1,MP-1 — Multipurpose Berth 1,Dry Bulk & General,MPT,2026-06,4,8,126,2,0,0,0,0
berth,MP-2,MP-2 — Multipurpose Berth 2,Dry Bulk & General,MPT,2026-06,4,8,0,0,0,0,0,0
berth,MP-3,MP-3 — Multipurpose Berth 3,Dry Bulk & General,MPT,2026-06,6,12,242,1,0,0,0,0
berth,RR-1,RR-1 — Ro-Ro Berth 1,Dry Bulk & General,RRT,2026-06,2,4,69,1,0,0,0,0
berth,WB-1,WB-1 — West Basin Coal Berth 1,Dry Bulk & General,WBC,2026-06,2,4,0,0,0,0,0,0
berth,WB-2,WB-2 — West Basin Coal Berth 2,Dry Bulk & General,WBC,2026-06,4,8,0,2,0,0,0,0
port,INMUN,Mundra Port,,,2026-07,56,112,1592,16,0,0,0,0
zone,BULKGEN,Dry Bulk & General,Dry Bulk & General,,2026-07,36,72,850,9,0,0,0,0
zone,CONTAINER,Container,Container,,2026-07,8,16,275,2,0,0,0,0
zone,LIQMAR,Liquid & Offshore,Liquid & Offshore,,2026-07,12,24,467,5,0,0,0,0
terminal,CT3,CT-3 (AICT),Container,CT3,2026-07,6,12,275,1,0,0,0,0
terminal,CT4,CT-4 (ACMT JV),Container,CT4,2026-07,2,4,0,1,0,0,0,0
terminal,LQB,Liquid Berths,Liquid & Offshore,LQB,2026-07,6,12,207,3,0,0,0,0
terminal,MPT,Multipurpose Terminal,Dry Bulk & General,MPT,2026-07,22,44,713,4,0,0,0,0
terminal,RRT,Ro-Ro Terminal,Dry Bulk & General,RRT,2026-07,2,4,137,1,0,0,0,0
terminal,SPM,Single Point Moorings,Liquid & Offshore,SPM,2026-07,6,12,260,2,0,0,0,0
terminal,WBC,West Basin Coal Terminal,Dry Bulk & General,WBC,2026-07,12,24,0,4,0,0,0,0
berth,CT3-1,CT3-1 — CT3 Berth 1,Container,CT3,2026-07,6,12,275,1,0,0,0,0
berth,CT4-4,CT4-4 — CT4 Berth 4,Container,CT4,2026-07,2,4,0,1,0,0,0,0
berth,LB-1,LB-1 — Liquid Berth 1,Liquid & Offshore,LQB,2026-07,4,8,207,2,0,0,0,0
berth,LB-2,LB-2 — Liquid Berth 2,Liquid & Offshore,LQB,2026-07,2,4,0,1,0,0,0,0
berth,MP-1,MP-1 — Multipurpose Berth 1,Dry Bulk & General,MPT,2026-07,10,20,220,2,0,0,0,0
berth,MP-2,MP-2 — Multipurpose Berth 2,Dry Bulk & General,MPT,2026-07,6,12,304,0,0,0,0,0
berth,MP-3,MP-3 — Multipurpose Berth 3,Dry Bulk & General,MPT,2026-07,6,12,189,2,0,0,0,0
berth,RR-1,RR-1 — Ro-Ro Berth 1,Dry Bulk & General,RRT,2026-07,2,4,137,1,0,0,0,0
berth,SPM-1,SPM-1 — Single Point Mooring 1 (crude),Liquid & Offshore,SPM,2026-07,6,12,260,2,0,0,0,0
berth,WB-1,WB-1 — West Basin Coal Berth 1,Dry Bulk & General,WBC,2026-07,6,12,0,3,0,0,0,0
berth,WB-2,WB-2 — West Basin Coal Berth 2,Dry Bulk & General,WBC,2026-07,6,12,0,1,0,0,0,0
port,INMUN,Mundra Port,,,2026-08,44,88,842,11,0,0,0,0
zone,BULKGEN,Dry Bulk & General,Dry Bulk & General,,2026-08,20,40,368,7,0,0,0,0
zone,CONTAINER,Container,Container,,2026-08,16,32,474,2,0,0,0,0
zone,LIQMAR,Liquid & Offshore,Liquid & Offshore,,2026-08,8,16,0,2,0,0,0,0
terminal,CT3,CT-3 (AICT),Container,CT3,2026-08,12,24,396,2,0,0,0,0
terminal,CT4,CT-4 (ACMT JV),Container,CT4,2026-08,4,8,78,0,0,0,0,0
terminal,LQB,Liquid Berths,Liquid & Offshore,LQB,2026-08,4,8,0,1,0,0,0,0
terminal,MPT,Multipurpose Terminal,Dry Bulk & General,MPT,2026-08,2,4,0,1,0,0,0,0
terminal,RRT,Ro-Ro Terminal,Dry Bulk & General,RRT,2026-08,8,16,268,3,0,0,0,0
terminal,SPM,Single Point Moorings,Liquid & Offshore,SPM,2026-08,4,8,0,1,0,0,0,0
terminal,WBC,West Basin Coal Terminal,Dry Bulk & General,WBC,2026-08,10,20,100,3,0,0,0,0
berth,CT3-1,CT3-1 — CT3 Berth 1,Container,CT3,2026-08,10,20,238,2,0,0,0,0
berth,CT3-2,CT3-2 — CT3 Berth 2,Container,CT3,2026-08,2,4,158,0,0,0,0,0
berth,CT4-1,CT4-1 — CT4 Berth 1,Container,CT4,2026-08,2,4,0,0,0,0,0,0
berth,CT4-4,CT4-4 — CT4 Berth 4,Container,CT4,2026-08,2,4,78,0,0,0,0,0
berth,LB-1,LB-1 — Liquid Berth 1,Liquid & Offshore,LQB,2026-08,2,4,0,0,0,0,0,0
berth,LB-2,LB-2 — Liquid Berth 2,Liquid & Offshore,LQB,2026-08,2,4,0,1,0,0,0,0
berth,MP-2,MP-2 — Multipurpose Berth 2,Dry Bulk & General,MPT,2026-08,2,4,0,1,0,0,0,0
berth,RR-1,RR-1 — Ro-Ro Berth 1,Dry Bulk & General,RRT,2026-08,8,16,268,3,0,0,0,0
berth,SPM-1,SPM-1 — Single Point Mooring 1 (crude),Liquid & Offshore,SPM,2026-08,4,8,0,1,0,0,0,0
berth,WB-1,WB-1 — West Basin Coal Berth 1,Dry Bulk & General,WBC,2026-08,8,16,100,3,0,0,0,0
berth,WB-2,WB-2 — West Basin Coal Berth 2,Dry Bulk & General,WBC,2026-08,2,4,0,0,0,0,0,0
