level,unit_id,unit_name,zone,terminal,ym,vessel_calls,cargo_mt,teu,avg_turnaround_hr,avg_waiting_hr,calls_waited_gt24h,berthed_lt6h_pct,avg_output_mt_per_berthday,occupancy_pct,pilotage_moves,tug_jobs,water_supplied_mt,garbage_calls,inspections_done,findings_raised,findings_closed,detentions,incidents_total,incidents_high_critical,injuries,spills,near_miss,security_events,equipment_failures,avg_close_days,invoices_issued,billed_cr,collected_cr,outstanding_cr,collection_pct
port,REFPT,Reference Port,,,2026-07,34,2910346,101153,60.5,16.6,5,5.9,46847,8.4,68,136,1224,16,0,0,0,0,3.0,1.0,1.0,1.0,1.0,0.0,0.0,3.5,23.0,25.83,19.68,20.35,97.5
zone,BULKGEN,Dry Bulk & General,Dry Bulk & General,,2026-07,15,672984,0,77.8,15.5,1,13.3,17274,18.0,30,60,525,6,0,0,0,0,1.0,1.0,1.0,0.0,0.0,0.0,0.0,3.6,13.0,11.75,7.55,10.74,96.3
zone,CONTAINER,Container,Container,,2026-07,12,1213836,101153,39.3,17.4,2,0.0,110768,2.9,24,48,611,7,0,0,0,0,2.0,0.0,0.0,1.0,1.0,0.0,0.0,3.5,7.0,7.77,7.83,6.69,97.5
zone,LIQMAR,Liquid & Offshore,Liquid & Offshore,,2026-07,7,1023526,0,59.7,17.9,2,0.0,83838,7.9,14,28,88,3,0,0,0,0,,,,,,,,,3.0,6.32,4.3,2.91,98.8
terminal,CT1,Container Terminal 1,Container,CT1,2026-07,1,108840,9070,38.0,24.0,0,0.0,186583,0.9,2,4,0,0,0,0,0,0,,,,,,,,,1.0,1.23,1.31,1.23,97.0
terminal,CT2,Container Terminal 2,Container,CT2,2026-07,3,305436,25453,42.7,20.7,1,0.0,111068,4.4,6,12,124,2,0,0,0,0,,,,,,,,,1.0,0.77,2.2,0.74,98.2
terminal,CT3,Container Terminal 3,Container,CT3,2026-07,2,225648,18804,32.0,10.5,0,0.0,125943,2.9,4,8,97,2,0,0,0,0,,,,,,,,,1.0,0.9,0.0,0.9,97.7
terminal,CT4,Container Terminal 4,Container,CT4,2026-07,4,417912,34826,36.8,13.5,0,0.0,107848,3.1,8,16,390,1,0,0,0,0,1.0,0.0,0.0,1.0,0.0,0.0,0.0,3.5,3.0,3.83,3.27,3.83,96.1
terminal,CT5,Container Terminal 5,Container,CT5,2026-07,2,156000,13000,47.5,24.0,1,0.0,79660,3.2,4,8,0,2,0,0,0,0,1.0,0.0,0.0,0.0,1.0,0.0,0.0,3.4,1.0,1.04,1.04,0.0,100.0
terminal,LQB,Liquid Terminal,Liquid & Offshore,LQB,2026-07,3,105567,0,67.3,23.7,2,0.0,19341,5.9,6,12,88,2,0,0,0,0,,,,,,,,,1.0,0.49,1.4,0.0,100.0
terminal,MPT,Multipurpose Terminal,Dry Bulk & General,MPT,2026-07,7,238194,0,107.7,15.9,1,14.3,8891,21.6,14,28,394,4,0,0,0,0,,,,,,,,,5.0,2.32,3.92,1.23,98.8
terminal,RRT,Ro-Ro Terminal,Dry Bulk & General,RRT,2026-07,5,21387,0,34.4,15.0,0,20.0,5292,13.0,10,20,0,2,0,0,0,0,,,,,,,,,5.0,3.13,0.63,3.13,92.1
terminal,SPM,SPM Crude,Liquid & Offshore,SPM,2026-07,4,917959,0,54.0,13.5,0,0.0,135994,10.9,8,16,0,1,0,0,0,0,,,,,,,,,2.0,5.83,2.9,2.97,98.5
terminal,WBC,West Basin Coal Terminal,Dry Bulk & General,WBC,2026-07,3,413403,0,80.3,15.3,0,0.0,50880,13.1,6,12,131,0,0,0,0,0,1.0,1.0,1.0,0.0,0.0,0.0,0.0,3.6,3.0,6.3,3.0,6.3,95.7
berth,CT1-1,CT1-1 — CT1 Berth 1,Container,CT1,2026-07,1,108840,9070,38.0,24.0,0,0.0,186583,1.9,2,4,0,0,0,0,0,0,,,,,,,,,1.0,1.23,0.0,1.22,93.6
berth,CT2-1,CT2-1 — CT2 Berth 1,Container,CT2,2026-07,1,70200,5850,37.0,19.0,0,0.0,93600,2.4,2,4,0,0,0,0,0,0,,,,,,,,,1.0,0.77,2.2,0.79,96.5
berth,CT2-2,CT2-2 — CT2 Berth 2,Container,CT2,2026-07,2,235236,19603,45.5,21.5,1,0.0,117618,6.5,4,8,124,2,0,0,0,0,,,,,,,,,,,,,
berth,CT3-1,CT3-1 — CT3 Berth 1,Container,CT3,2026-07,2,225648,18804,32.0,10.5,0,0.0,125943,5.8,4,8,97,2,0,0,0,0,,,,,,,,,1.0,0.9,0.0,0.9,94.4
berth,CT4-1,CT4-1 — CT4 Berth 1,Container,CT4,2026-07,2,258732,21561,38.0,15.0,0,0.0,134991,6.2,4,8,285,0,0,0,0,0,1.0,0.0,0.0,1.0,0.0,0.0,0.0,3.5,1.0,2.0,0.0,2.01,90.3
berth,CT4-3,CT4-3 — CT4 Berth 3,Container,CT4,2026-07,1,86400,7200,30.0,13.0,0,0.0,121976,2.3,2,4,0,1,0,0,0,0,,,,,,,,,1.0,1.0,0.0,1.0,96.1
berth,CT4-4,CT4-4 — CT4 Berth 4,Container,CT4,2026-07,1,72780,6065,41.0,11.0,0,0.0,58224,4.0,2,4,105,0,0,0,0,0,,,,,,,,,1.0,0.83,3.27,0.84,96.6
berth,CT5-2,CT5-2 — CT5 Berth 2,Container,CT5,2026-07,2,156000,13000,47.5,24.0,1,0.0,79660,6.3,4,8,0,2,0,0,0,0,1.0,0.0,0.0,0.0,1.0,0.0,0.0,3.4,1.0,1.04,1.04,0.0,100.0
berth,LB-1,LB-1 — Liquid Berth 1,Liquid & Offshore,LQB,2026-07,1,44448,0,61.0,26.0,1,0.0,30479,4.7,2,4,0,1,0,0,0,0,,,,,,,,,0.0,0.0,0.48,0.0,100.2
berth,LB-2,LB-2 — Liquid Berth 2,Liquid & Offshore,LQB,2026-07,1,30286,0,63.0,18.0,0,0.0,16153,6.0,2,4,88,1,0,0,0,0,,,,,,,,,1.0,0.49,0.92,0.0,100.0
berth,LB-3,LB-3 — Liquid Berth 3,Liquid & Offshore,LQB,2026-07,1,30833,0,78.0,27.0,1,0.0,14510,6.9,2,4,0,0,0,0,0,0,,,,,,,,,,,,,
berth,MP-1,MP-1 — Multipurpose Berth 1,Dry Bulk & General,MPT,2026-07,1,18640,0,116.0,11.0,0,0.0,4261,14.1,2,4,116,0,0,0,0,0,,,,,,,,,1.0,0.34,1.73,0.0,100.1
berth,MP-2,MP-2 — Multipurpose Berth 2,Dry Bulk & General,MPT,2026-07,3,129743,0,115.7,21.3,1,0.0,11003,38.0,6,12,110,1,0,0,0,0,,,,,,,,,2.0,1.29,0.64,1.3,96.0
berth,MP-3,MP-3 — Multipurpose Berth 3,Dry Bulk & General,MPT,2026-07,3,89811,0,97.0,12.0,0,33.3,8453,34.3,6,12,168,3,0,0,0,0,,,,,,,,,2.0,0.69,1.55,0.0,100.1
berth,RR-1,RR-1 — Ro-Ro Berth 1,Dry Bulk & General,RRT,2026-07,5,21387,0,34.4,15.0,0,20.0,5292,13.0,10,20,0,2,0,0,0,0,,,,,,,,,5.0,3.13,0.63,3.13,92.1
berth,SPM-1,SPM-1 — Single Point Mooring 1 (crude),Liquid & Offshore,SPM,2026-07,4,917959,0,54.0,13.5,0,0.0,135994,21.8,8,16,0,1,0,0,0,0,,,,,,,,,2.0,5.83,2.9,2.97,98.5
berth,WB-1,WB-1 — West Basin Coal Berth 1,Dry Bulk & General,WBC,2026-07,3,413403,0,80.3,15.3,0,0.0,50880,26.2,6,12,131,0,0,0,0,0,1.0,1.0,1.0,0.0,0.0,0.0,0.0,3.6,3.0,6.3,1.06,6.29,91.9
